id,complete,utilisation_ia,outils_utilises_chatgpt,outils_utilises_copilot,outils_utilises_gemini,outils_utilises_deepseek,outils_utilises_grok,outils_utilises_claude,outils_utilises_autre,ia_favorite,ia_favorite_autre,taches_ia_redaction,taches_ia_recherche,taches_ia_traduction,taches_ia_programmation,taches_ia_presentation,taches_ia_analyse_donnees,taches_ia_brainstorming,taches_ia_planification,taches_ia_revision,taches_ia_cv_lettre,taches_ia_entretien,taches_ia_creation_media,taches_ia_autre,impact_ia_performance,pret_payer_ia_si_efficace,pret_payer_30e_ia,pret_payer_50e_ia,pret_payer_15e_ia,pret_payer_100e_ia,pret_payer_40e_ia,pret_payer_20e_ia,pret_payer_5e_ia,dependance_ia,confiance_ia,accord_ia_decision,partage_infos_confidentielles_ia,importance_origine_ia,verification_infos_ia,reaction_nouveautes_ia,ia_menace_travail,impact_ia_emploi,impact_ia_enseignement,attentes_futures_ia,age,genre,domaine_etudes,domaine_etudes_autre,statut_etudiant,diplome_en_cours,diplome_plus_eleve,temps_total,duree_frequence_utilisation_ia,duree_confiance_ia,duree_perspective_ia,duree_info_personnel
1,4.0,2.0,Y,Y,N,N,N,N,,OpenAI ChatGPT,,Y,Y,N,N,N,N,Y,N,N,N,N,N,,,N,N,,Y,,,N,,0.0,6.0,1.0,"Oui, avec m√©fiance",Y,0.0,"Je suis curieux(se) et pr√™t(e) √† l'essayer rapidement, mais avec prudence.",N,Elle ouvrira de nouvelles opportunit√©s professionnelles.,Largement,,40-60 ans,Masculin,Sciences et ing√©nierie.,,N,,3.0,302.8,118.8,85.98,59.73,38.29
2,4.0,3.0,Y,N,N,N,N,N,,OpenAI ChatGPT,,N,Y,Y,N,N,N,N,Y,N,Y,N,N,,,Y,Y,N,,,N,,,1.0,8.0,1.0,"Non, pas d'accord",N,0.0,Je pr√©f√®re attendre que d'autres testent avant d'utiliser.,Y,Elle aidera les travailleurs plut√¥t que de les remplacer.,Largement,.,30-40 ans.,Masculin,M√©decine et sant√©.,,N,,3.0,859.58,421.68,216.14,167.95,53.81
3,4.0,1.0,Y,N,N,N,N,N,,OpenAI ChatGPT,,N,N,Y,N,N,N,N,N,Y,Y,Y,N,,,Y,N,,N,,,,Y,2.0,6.0,3.0,"Oui, avec m√©fiance",Y,1.0,Je pr√©f√®re attendre que d'autres testent avant d'utiliser.,N,Elle aidera les travailleurs plut√¥t que de les remplacer.,Largement,,25-30 ans.,Masculin,"Arts, lettres et sciences humaines.",,N,,3.0,1591.91,313.03,1044.14,102.5,132.24
4,4.0,2.0,Y,N,N,N,N,N,,OpenAI ChatGPT,,Y,Y,Y,N,N,N,N,N,N,Y,N,N,,,N,N,,N,,,,Y,2.0,5.0,1.0,"Oui, sans probl√®me",N,2.0,Je pr√©f√®re attendre que d'autres testent avant d'utiliser.,N,Elle remplacera de nombreux emplois.,Radicalement,Donner un degr√© de confiance dans les r√©ponses apport√©es,40-60 ans,Masculin,√âconomie et gestion.,,N,,3.0,326.23,99.94,72.52,90.89,62.88
5,4.0,2.0,Y,N,N,N,N,N,,OpenAI ChatGPT,,Y,Y,Y,N,N,N,N,N,N,N,N,N,,,Y,Y,N,,,N,,,1.0,5.0,1.0,"Non, jamais",Y,0.0,Je pr√©f√®re attendre que d'autres testent avant d'utiliser.,N,"Elle supprimera certains postes, mais seulement dans certains secteurs.",Largement,,18-25 ans.,Autre,√âconomie et gestion.,,Y,3.0,2.0,287.32,72.86,70.94,24.01,119.51
6,4.0,3.0,Y,Y,Y,Y,Y,Y,,OpenAI ChatGPT,,Y,Y,Y,N,Y,Y,Y,Y,Y,Y,Y,Y,,,Y,Y,Y,,N,,,,2.0,6.0,1.0,"Non, pas d'accord",Y,0.0,"J‚Äôaime √™tre parmi les premiers √† essayer ces innovations, m√™me s'il y a des risques potentiels.",N,Elle aidera les travailleurs plut√¥t que de les remplacer.,Largement,,25-30 ans.,F√©minin,√âconomie et gestion.,,Y,3.0,3.0,297.47,123.14,104.99,35.61,33.73
7,4.0,1.0,Y,N,Y,N,N,N,,OpenAI ChatGPT,,Y,Y,N,N,N,Y,N,Y,N,Y,N,N,,,Y,Y,N,,,N,,,2.0,8.0,3.0,"Oui, avec m√©fiance",N,0.0,Je pr√©f√®re attendre que d'autres testent avant d'utiliser.,Y,Elle aidera les travailleurs plut√¥t que de les remplacer.,L√©g√®rement,,25-30 ans.,Masculin,√âconomie et gestion.,,Y,3.0,3.0,980.68,650.23,151.99,92.14,86.32
8,4.0,1.0,Y,N,Y,N,N,N,,OpenAI ChatGPT,,N,N,N,N,N,N,Y,N,N,Y,Y,Y,,,Y,N,,Y,,,Y,,1.0,7.0,1.0,"Oui, sans probl√®me",N,0.0,"Je suis curieux(se) et pr√™t(e) √† l'essayer rapidement, mais avec prudence.",N,"Elle supprimera certains postes, mais seulement dans certains secteurs.",Largement,,25-30 ans.,F√©minin,√âconomie et gestion.,,Y,3.0,3.0,434.52,138.05,136.75,95.24,64.48
9,4.0,3.0,Y,N,N,Y,N,Y,,OpenAI ChatGPT,,N,Y,N,Y,N,N,Y,N,N,N,N,N,,,Y,N,,Y,,,Y,,1.0,7.0,2.0,"Non, pas d'accord",N,0.0,Je pr√©f√®re attendre que d'autres testent avant d'utiliser.,N,Elle ouvrira de nouvelles opportunit√©s professionnelles.,Largement,,40-60 ans,Masculin,Sciences et ing√©nierie.,,N,,3.0,713.55,461.44,100.79,93.24,58.08
10,4.0,2.0,Y,N,N,N,N,N,,OpenAI ChatGPT,,Y,N,N,N,Y,N,N,N,N,Y,Y,N,,,Y,Y,Y,,Y,,,,0.0,7.0,2.0,"Oui, sans probl√®me",Y,3.0,Je pr√©f√®re attendre que d'autres testent avant d'utiliser.,N,Elle aidera les travailleurs plut√¥t que de les remplacer.,Largement,Aider √† fabriquer,25-30 ans.,Masculin,Autre,Commerce,Y,2.0,3.0,468.1,130.25,96.43,79.1,162.32
11,1.0,3.0,Y,Y,N,N,N,N,,OpenAI ChatGPT,,N,Y,Y,N,N,N,N,N,N,N,N,N,,,Y,N,,N,,,,Y,2.0,,,,,,,,,,,,,,,,,,1932.98,1932.98,,,
12,4.0,3.0,Y,Y,Y,N,N,N,,OpenAI ChatGPT,,N,Y,N,Y,N,N,Y,N,Y,N,N,N,,,Y,N,,N,,,,Y,1.0,6.0,3.0,"Non, pas d'accord",N,1.0,"Je suis curieux(se) et pr√™t(e) √† l'essayer rapidement, mais avec prudence.",N,Elle aidera les travailleurs plut√¥t que de les remplacer.,Radicalement,,25-30 ans.,Masculin,Sciences et ing√©nierie.,,Y,3.0,3.0,315.85,78.5,176.72,27.52,33.11
13,0.0,,,,,,,,,,,,,,,,,,,,,,,,,,,,,,,,,,,,,,,,,,,,,,,,,,,0.0,,,,
14,0.0,1.0,N,N,N,N,N,N,,,,N,N,N,N,N,N,N,N,N,N,N,Y,,,Y,,,,,,,,,,,,,,,,,,,,,,,,,,145.36,145.36,,,
15,4.0,3.0,Y,Y,N,N,N,N,,OpenAI ChatGPT,,Y,Y,Y,Y,N,Y,Y,N,Y,N,N,N,,,Y,N,,N,,,,Y,2.0,8.0,1.0,"Oui, avec m√©fiance",N,0.0,Je pr√©f√®re attendre que d'autres testent avant d'utiliser.,N,Elle aidera les travailleurs plut√¥t que de les remplacer.,Largement,Pouvoir se souvenir des anciens travaux,18-25 ans.,Masculin,√âconomie et gestion.,,Y,3.0,2.0,348.35,161.89,72.43,61.37,52.66
16,4.0,2.0,Y,N,Y,N,N,N,,OpenAI ChatGPT,,Y,Y,N,N,N,N,Y,N,N,Y,Y,N,,,Y,Y,N,,,N,,,2.0,6.0,1.0,"Oui, avec m√©fiance",N,0.0,"Je suis curieux(se) et pr√™t(e) √† l'essayer rapidement, mais avec prudence.",Y,Elle remplacera de nombreux emplois.,Largement,"Parler de n'importe quel sujet, sans censure.",18-25 ans.,Masculin,Sciences et ing√©nierie.,,Y,3.0,2.0,301.06,86.44,54.52,127.24,32.86
17,4.0,2.0,N,N,N,N,N,N,Gemini,Autre,,Y,N,Y,N,N,N,N,N,N,N,N,N,,,N,Y,N,,,N,,,1.0,5.0,3.0,"Non, pas d'accord",N,0.0,Je pr√©f√®re attendre que d'autres testent avant d'utiliser.,N,Je ne sais pas encore.,Largement,,18-25 ans.,F√©minin,Autre,Ressources humaines et communication,Y,1.0,0.0,676.13,202.9,352.49,60.22,60.52
18,0.0,,,,,,,,,,,,,,,,,,,,,,,,,,,,,,,,,,,,,,,,,,,,,,,,,,,0.0,,,,
19,0.0,,,,,,,,,,,,,,,,,,,,,,,,,,,,,,,,,,,,,,,,,,,,,,,,,,,0.0,,,,
20,4.0,2.0,Y,N,Y,N,N,Y,,Claude,,N,Y,N,N,N,N,N,N,N,N,N,N,,,N,N,,N,,,,Y,1.0,6.0,2.0,"Oui, avec m√©fiance",Y,0.0,"Je suis curieux(se) et pr√™t(e) √† l'essayer rapidement, mais avec prudence.",Y,Je ne sais pas encore.,Largement,Je sais pas,18-25 ans.,Masculin,Autre,Gestion des ressources humaines,Y,1.0,1.0,482.22,184.69,102.76,135.98,58.79
21,1.0,3.0,Y,N,N,N,N,N,,OpenAI ChatGPT,,Y,Y,N,Y,N,N,N,N,N,N,N,N,,,Y,Y,N,,,N,,,2.0,,,,,,,,,,,,,,,,,,166.54,166.54,,,
22,0.0,,,,,,,,,,,,,,,,,,,,,,,,,,,,,,,,,,,,,,,,,,,,,,,,,,,0.0,,,,
23,4.0,2.0,Y,N,N,Y,N,N,,OpenAI ChatGPT,,Y,N,Y,N,Y,N,Y,N,Y,Y,Y,Y,,,Y,N,,Y,,,N,,1.0,8.0,1.0,"Oui, avec m√©fiance",N,3.0,"Je suis curieux(se) et pr√™t(e) √† l'essayer rapidement, mais avec prudence.",Y,Elle remplacera de nombreux emplois.,Largement,M‚Äôapprendre l‚Äôallemand,18-25 ans.,F√©minin,√âconomie et gestion.,,Y,2.0,1.0,593.0,102.21,314.54,144.83,31.42
24,4.0,3.0,Y,N,N,N,N,N,,OpenAI ChatGPT,,N,Y,N,N,N,N,N,N,N,N,N,N,,,Y,N,,N,,,,N,0.0,4.0,0.0,"Non, jamais",N,3.0,"Je suis curieux(se) et pr√™t(e) √† l'essayer rapidement, mais avec prudence.",Y,"Elle supprimera certains postes, mais seulement dans certains secteurs.",Radicalement,,18-25 ans.,Masculin,√âconomie et gestion.,,N,,2.0,150.05,41.79,55.73,31.97,20.56
25,4.0,2.0,Y,N,N,N,N,N,,OpenAI ChatGPT,,Y,Y,N,N,N,N,N,N,N,N,N,N,,,Y,Y,N,,,N,,,1.0,5.0,1.0,"Oui, avec m√©fiance",Y,3.0,Je pr√©f√®re attendre que d'autres testent avant d'utiliser.,N,"Elle supprimera certains postes, mais seulement dans certains secteurs.",L√©g√®rement,,18-25 ans.,F√©minin,√âconomie et gestion.,,Y,3.0,2.0,212.22,78.28,82.68,22.86,28.4
26,4.0,2.0,Y,N,N,N,N,N,,OpenAI ChatGPT,,N,Y,N,N,N,N,N,N,Y,N,N,N,,,Y,Y,Y,,N,,,,0.0,6.0,2.0,"Oui, avec m√©fiance",N,3.0,"Je suis curieux(se) et pr√™t(e) √† l'essayer rapidement, mais avec prudence.",N,Elle remplacera de nombreux emplois.,Radicalement,Diagnostic de certaines maladies,30-40 ans.,Masculin,M√©decine et sant√©.,,Y,3.0,3.0,445.5,161.51,115.03,93.48,75.48
27,4.0,2.0,Y,Y,Y,N,N,N,,OpenAI ChatGPT,,N,N,N,N,N,N,N,Y,N,Y,Y,N,,,Y,N,,N,,,,Y,2.0,7.0,1.0,"Oui, avec m√©fiance",Y,3.0,Je pr√©f√®re attendre que d'autres testent avant d'utiliser.,Y,"Elle supprimera certains postes, mais seulement dans certains secteurs.",Largement,,25-30 ans.,Masculin,Droit et science politique,,Y,3.0,3.0,256.18,95.34,86.41,38.38,36.05
28,4.0,0.0,N,N,N,N,N,N,J‚Äôai pas l‚Äôhabitude d‚Äôutiliser les IA,Autre,Je connais pas meme. Vu que je n utilise pas.,N,N,N,N,N,N,N,N,N,N,N,N,Je n‚Äôutilise pas,,N,N,,N,,,,N,0.0,1.0,0.0,"Non, jamais",N,3.0,Je pr√©f√®re attendre que d'autres testent avant d'utiliser.,Y,Elle remplacera de nombreux emplois.,Radicalement,J‚Äôaimerais juste qu‚Äôon supprime toutes les IA. C‚Äôest tout,18-25 ans.,Masculin,Autre,Coiffure,Y,2.0,1.0,445.74,174.95,110.13,93.52,67.14
29,4.0,3.0,Y,N,N,N,N,N,,OpenAI ChatGPT,,Y,N,Y,N,N,N,N,N,N,N,N,N,,,N,N,,N,,,,N,1.0,5.0,1.0,"Non, pas d'accord",Y,1.0,Je pr√©f√®re attendre que d'autres testent avant d'utiliser.,N,Elle remplacera de nombreux emplois.,Largement,,30-40 ans.,F√©minin,Sciences et ing√©nierie.,,N,,3.0,184.76,86.14,50.45,23.44,24.73
30,0.0,,,,,,,,,,,,,,,,,,,,,,,,,,,,,,,,,,,,,,,,,,,,,,,,,,,0.0,,,,
31,0.0,,,,,,,,,,,,,,,,,,,,,,,,,,,,,,,,,,,,,,,,,,,,,,,,,,,0.0,,,,
32,0.0,,,,,,,,,,,,,,,,,,,,,,,,,,,,,,,,,,,,,,,,,,,,,,,,,,,0.0,,,,
33,0.0,,,,,,,,,,,,,,,,,,,,,,,,,,,,,,,,,,,,,,,,,,,,,,,,,,,0.0,,,,
34,4.0,1.0,Y,N,N,Y,N,N,"Perplexity, TwainGPT, Midjourney, Gamma",OpenAI ChatGPT,,Y,Y,Y,N,Y,N,Y,N,N,Y,Y,N,,,Y,Y,N,,,N,,,1.0,5.0,3.0,"Non, pas d'accord",Y,3.0,Je pr√©f√®re attendre que d'autres testent avant d'utiliser.,Y,Elle remplacera de nombreux emplois.,Radicalement,,18-25 ans.,Masculin,√âconomie et gestion.,,Y,3.0,2.0,250.1,139.7,52.14,34.78,23.48
35,0.0,,,,,,,,,,,,,,,,,,,,,,,,,,,,,,,,,,,,,,,,,,,,,,,,,,,0.0,,,,
36,4.0,3.0,Y,N,Y,N,N,N,,OpenAI ChatGPT,,Y,N,N,Y,N,N,N,N,Y,Y,Y,N,,,N,N,,N,,,,Y,1.0,7.0,3.0,"Non, pas d'accord",N,0.0,Je pr√©f√®re attendre que d'autres testent avant d'utiliser.,N,Elle remplacera de nombreux emplois.,Largement,Construire des objets 3D,18-25 ans.,Masculin,√âconomie et gestion.,,Y,3.0,2.0,502.62,153.93,103.67,214.88,30.14
37,4.0,3.0,Y,Y,N,N,N,N,,OpenAI ChatGPT,,Y,Y,Y,Y,Y,Y,N,N,Y,Y,Y,N,,,Y,Y,N,,,N,,,2.0,7.0,1.0,"Oui, avec m√©fiance",Y,3.0,"Je suis curieux(se) et pr√™t(e) √† l'essayer rapidement, mais avec prudence.",Y,Elle aidera les travailleurs plut√¥t que de les remplacer.,Largement,"√áa serait bien √† c√¥t√© de l‚Äôinformation donn√©e par l‚ÄôIA qu‚Äôil y ait la source pour pouvoir bien v√©rifier. Parfois les informations qu‚Äôelle donne sont erron√©es et aussi augmenter la m√©moire dans les IA g√©n√©ratives. En fait, parfois plus les conversations sont longues et plus l‚ÄôIA se perd aussi.",18-25 ans.,F√©minin,√âconomie et gestion.,,Y,3.0,3.0,702.34,302.37,65.63,297.74,36.6
38,4.0,2.0,Y,Y,N,N,Y,N,,OpenAI ChatGPT,,N,Y,Y,Y,N,N,Y,N,Y,N,N,N,,,Y,Y,N,,,N,,,1.0,7.0,1.0,"Oui, avec m√©fiance",N,0.0,"Je suis curieux(se) et pr√™t(e) √† l'essayer rapidement, mais avec prudence.",N,Elle aidera les travailleurs plut√¥t que de les remplacer.,Largement,,25-30 ans.,Masculin,Sciences et ing√©nierie.,,Y,4.0,3.0,324.26,140.78,81.54,74.83,27.11
39,4.0,2.0,Y,N,Y,N,N,Y,,OpenAI ChatGPT,,Y,Y,Y,N,N,Y,N,Y,Y,Y,Y,N,,,Y,N,,Y,,,Y,,1.0,6.0,1.0,"Oui, avec m√©fiance",Y,0.0,Je pr√©f√®re attendre que d'autres testent avant d'utiliser.,N,"Elle supprimera certains postes, mais seulement dans certains secteurs.",Largement,Etre sur de ses reponse a 100%  et faire concretement ce que l'on lui demande,18-25 ans.,Masculin,√âconomie et gestion.,,Y,3.0,2.0,687.75,249.0,154.63,238.38,45.74
40,4.0,3.0,Y,Y,N,Y,Y,N,,Grok,,Y,N,Y,Y,N,Y,Y,N,N,N,Y,N,,,Y,N,,Y,,,N,,2.0,8.0,1.0,"Oui, avec m√©fiance",N,1.0,"Je suis curieux(se) et pr√™t(e) √† l'essayer rapidement, mais avec prudence.",Y,Elle aidera les travailleurs plut√¥t que de les remplacer.,Largement,Une meilleure interface pour les chat bot. Creer une arborescence personalis√©,18-25 ans.,Masculin,√âconomie et gestion.,,Y,3.0,2.0,334.08,136.46,58.6,73.64,65.38
41,4.0,2.0,Y,N,N,N,N,N,dall-e,OpenAI ChatGPT,,N,N,Y,Y,N,N,Y,N,N,N,N,N,,,N,N,,N,,,,N,1.0,7.0,1.0,"Non, pas d'accord",Y,3.0,"Je suis curieux(se) et pr√™t(e) √† l'essayer rapidement, mais avec prudence.",Y,"Elle supprimera certains postes, mais seulement dans certains secteurs.",Largement,Cr√©ation d'objets,25-30 ans.,Masculin,√âconomie et gestion.,,Y,4.0,3.0,320.48,86.35,60.66,141.11,32.36
42,4.0,3.0,Y,N,N,N,Y,N,,OpenAI ChatGPT,,Y,Y,Y,Y,N,Y,Y,N,Y,Y,Y,N,,,Y,N,,N,,,,Y,,9.0,2.0,"Oui, sans probl√®me",N,0.0,Je pr√©f√®re attendre que d'autres testent avant d'utiliser.,N,"Elle supprimera certains postes, mais seulement dans certains secteurs.",L√©g√®rement,L'adaptation,18-25 ans.,Masculin,Sciences et ing√©nierie.,,Y,3.0,3.0,288.73,86.56,57.45,116.29,28.43
43,4.0,2.0,Y,Y,N,Y,N,N,,OpenAI ChatGPT,,Y,Y,Y,Y,Y,Y,N,N,Y,Y,N,N,,,Y,Y,N,,,N,,,1.0,6.0,3.0,"Non, jamais",Y,0.0,"Je suis curieux(se) et pr√™t(e) √† l'essayer rapidement, mais avec prudence.",N,Elle ouvrira de nouvelles opportunit√©s professionnelles.,Largement,IA forte capable de raisonner,18-25 ans.,Masculin,√âconomie et gestion.,,Y,3.0,2.0,266.66,127.35,74.09,39.52,25.7
44,4.0,3.0,Y,N,N,Y,N,N,,OpenAI ChatGPT,,Y,Y,Y,Y,N,Y,Y,N,Y,Y,Y,Y,,,Y,Y,Y,,Y,,,,2.0,8.0,2.0,"Oui, sans probl√®me",N,1.0,"J‚Äôaime √™tre parmi les premiers √† essayer ces innovations, m√™me s'il y a des risques potentiels.",Y,Elle aidera les travailleurs plut√¥t que de les remplacer.,Radicalement,,18-25 ans.,Masculin,Sciences et ing√©nierie.,,Y,3.0,2.0,227.82,115.64,56.18,25.22,30.78
45,4.0,1.0,Y,N,N,N,N,N,,OpenAI ChatGPT,,Y,N,Y,N,N,N,N,N,N,N,N,N,,,Y,N,,N,,,,Y,1.0,4.0,2.0,"Oui, sans probl√®me",Y,1.0,Je pr√©f√®re attendre que d'autres testent avant d'utiliser.,Y,Elle ouvrira de nouvelles opportunit√©s professionnelles.,Largement,,40-60 ans,Masculin,Autre,,N,,1.0,300.15,157.8,55.49,56.17,30.69
46,0.0,,,,,,,,,,,,,,,,,,,,,,,,,,,,,,,,,,,,,,,,,,,,,,,,,,,0.0,,,,
47,4.0,2.0,Y,N,N,N,N,N,,OpenAI ChatGPT,,Y,Y,N,Y,N,Y,N,N,N,N,N,N,,,Y,Y,Y,,N,,,,1.0,8.0,3.0,"Oui, avec m√©fiance",N,3.0,Je pr√©f√®re attendre que d'autres testent avant d'utiliser.,Y,Elle aidera les travailleurs plut√¥t que de les remplacer.,L√©g√®rement,,18-25 ans.,F√©minin,√âconomie et gestion.,,Y,2.0,2.0,211.49,74.18,60.89,50.34,26.08
48,4.0,3.0,Y,N,N,N,N,N,,OpenAI ChatGPT,,N,Y,Y,N,Y,Y,Y,Y,Y,Y,Y,Y,,,Y,N,,Y,,,Y,,1.0,5.0,2.0,"Oui, sans probl√®me",N,3.0,"Je suis curieux(se) et pr√™t(e) √† l'essayer rapidement, mais avec prudence.",N,Elle aidera les travailleurs plut√¥t que de les remplacer.,L√©g√®rement,M aide √† devenir riche,18-25 ans.,Masculin,"Arts, lettres et sciences humaines.",,Y,2.0,1.0,272.71,111.45,78.36,50.04,32.86
49,4.0,3.0,Y,N,N,N,N,N,,OpenAI ChatGPT,,Y,Y,Y,Y,N,Y,Y,N,Y,N,N,N,,,Y,N,,Y,,,Y,,1.0,8.0,2.0,"Non, pas d'accord",Y,0.0,Je pr√©f√®re attendre que d'autres testent avant d'utiliser.,N,Elle aidera les travailleurs plut√¥t que de les remplacer.,L√©g√®rement,,18-25 ans.,Masculin,√âconomie et gestion.,,Y,3.0,2.0,127.32,67.11,28.43,16.73,15.05
50,4.0,1.0,Y,N,N,N,N,N,,OpenAI ChatGPT,,N,N,Y,N,N,N,Y,N,N,N,N,N,,,N,N,,N,,,,Y,0.0,6.0,1.0,"Non, pas d'accord",Y,0.0,Je pr√©f√®re attendre que d'autres testent avant d'utiliser.,Y,"Elle supprimera certains postes, mais seulement dans certains secteurs.",Largement,,25-30 ans.,F√©minin,M√©decine et sant√©.,,Y,4.0,4.0,323.52,190.13,62.91,35.05,35.43
51,0.0,,,,,,,,,,,,,,,,,,,,,,,,,,,,,,,,,,,,,,,,,,,,,,,,,,,0.0,,,,
52,4.0,3.0,Y,N,Y,N,N,Y,perplexity,OpenAI ChatGPT,,Y,N,Y,Y,N,N,N,N,Y,Y,Y,N,,,Y,N,,Y,,,N,,2.0,6.0,1.0,"Non, pas d'accord",Y,3.0,Je pr√©f√®re attendre que d'autres testent avant d'utiliser.,Y,Elle remplacera de nombreux emplois.,L√©g√®rement,,18-25 ans.,F√©minin,√âconomie et gestion.,,Y,3.0,2.0,290.84,105.73,56.56,95.77,32.78
53,4.0,2.0,Y,Y,Y,N,Y,N,,OpenAI ChatGPT,,N,Y,N,Y,N,N,Y,N,Y,N,N,N,,,Y,Y,Y,,N,,,,1.0,6.0,2.0,"Oui, avec m√©fiance",N,0.0,Je pr√©f√®re attendre que d'autres testent avant d'utiliser.,N,"Elle supprimera certains postes, mais seulement dans certains secteurs.",Radicalement,"Pour moi L‚ÄôIA a encore plusieurs limites, notamment en raisonnement avanc√© (manque de bon sens et de logique complexe), en cr√©ativit√© (incapacit√© √† innover totalement) et en interactions humaines (compr√©hension √©motionnelle limit√©e, m√©moire restreinte).",18-25 ans.,Masculin,Sciences et ing√©nierie.,,Y,2.0,1.0,596.62,152.69,84.79,264.07,95.07
54,4.0,2.0,Y,N,N,N,N,N,,OpenAI ChatGPT,,Y,Y,Y,N,N,N,N,N,N,N,N,N,,,N,N,,N,,,,N,1.0,6.0,3.0,"Oui, avec m√©fiance",Y,0.0,Je pr√©f√®re attendre que d'autres testent avant d'utiliser.,N,Je ne sais pas encore.,Largement,,18-25 ans.,F√©minin,"Arts, lettres et sciences humaines.",,Y,3.0,2.0,545.02,232.04,95.36,93.54,124.08
55,4.0,3.0,Y,N,Y,N,N,N,,OpenAI ChatGPT,,Y,Y,Y,Y,N,Y,N,Y,Y,Y,Y,N,,,N,N,,N,,,,Y,2.0,6.0,1.0,"Oui, sans probl√®me",N,2.0,Je pr√©f√®re attendre que d'autres testent avant d'utiliser.,N,Elle aidera les travailleurs plut√¥t que de les remplacer.,Radicalement,,18-25 ans.,F√©minin,√âconomie et gestion.,,Y,3.0,2.0,314.85,123.52,57.72,60.5,73.11
56,4.0,1.0,Y,N,N,N,N,N,,OpenAI ChatGPT,,N,N,Y,N,N,N,N,N,N,Y,N,N,,,Y,N,,Y,,,Y,,1.0,8.0,1.0,"Non, pas d'accord",Y,1.0,Je pr√©f√®re attendre que d'autres testent avant d'utiliser.,N,"Elle supprimera certains postes, mais seulement dans certains secteurs.",L√©g√®rement,,40-60 ans,F√©minin,Autre,Banque,N,,0.0,698.0,310.85,179.58,114.44,93.13
57,0.0,,,,,,,,,,,,,,,,,,,,,,,,,,,,,,,,,,,,,,,,,,,,,,,,,,,0.0,,,,
58,4.0,2.0,Y,N,N,N,N,N,,OpenAI ChatGPT,,N,Y,N,N,N,N,N,N,N,N,N,N,,,Y,Y,N,,,Y,,,2.0,7.0,1.0,"Oui, avec m√©fiance",Y,3.0,"Je suis curieux(se) et pr√™t(e) √† l'essayer rapidement, mais avec prudence.",N,Elle remplacera de nombreux emplois.,L√©g√®rement,,25-30 ans.,Masculin,Droit et science politique,,Y,3.0,3.0,411.51,162.52,127.26,63.79,57.94
59,4.0,2.0,Y,N,N,N,N,N,,OpenAI ChatGPT,,Y,Y,Y,N,N,N,N,N,Y,Y,Y,N,,,N,N,,N,,,,N,1.0,6.0,1.0,"Oui, avec m√©fiance",Y,0.0,Je pr√©f√®re attendre que d'autres testent avant d'utiliser.,N,Elle aidera les travailleurs plut√¥t que de les remplacer.,Largement,,18-25 ans.,F√©minin,√âconomie et gestion.,,Y,3.0,0.0,154.81,57.33,38.72,23.14,35.62
60,,3.0,Y,Y,,,,,,OpenAI ChatGPT,,Y,Y,Y,Y,,Y,Y,,Y,,,,,,Y,N,N,Y,N,N,N,,2.0,8.0,1.0,"Oui, sans probl√®me",N,0.0,Je pr√©f√®re attendre que d'autres testent avant d'utiliser.,N,Elle aidera les travailleurs plut√¥t que de les remplacer.,Largement,,18-25 ans.,Masculin,√âconomie et gestion.,,Y,3.0,3.0,,,,,
61,4.0,1.0,Y,N,N,N,N,N,,OpenAI ChatGPT,,N,Y,Y,N,N,N,N,N,N,N,N,N,,,N,N,,N,,,,Y,1.0,7.0,1.0,"Non, jamais",Y,0.0,"Je suis curieux(se) et pr√™t(e) √† l'essayer rapidement, mais avec prudence.",Y,Elle remplacera de nombreux emplois.,Radicalement,,25-30 ans.,Masculin,Autre,,N,,0.0,162.5,57.83,58.02,23.27,23.38
62,4.0,3.0,Y,N,N,N,N,N,,OpenAI ChatGPT,,Y,Y,Y,N,N,Y,N,N,Y,N,N,N,,,Y,N,,Y,,,Y,,2.0,7.0,1.0,"Oui, sans probl√®me",Y,0.0,Je pr√©f√®re attendre que d'autres testent avant d'utiliser.,N,Elle ouvrira de nouvelles opportunit√©s professionnelles.,L√©g√®rement,RAS,18-25 ans.,Masculin,√âconomie et gestion.,,Y,3.0,2.0,202.85,76.65,49.25,48.77,28.18
63,0.0,,,,,,,,,,,,,,,,,,,,,,,,,,,,,,,,,,,,,,,,,,,,,,,,,,,0.0,,,,
64,0.0,,,,,,,,,,,,,,,,,,,,,,,,,,,,,,,,,,,,,,,,,,,,,,,,,,,0.0,,,,
65,4.0,2.0,Y,N,N,N,Y,N,,OpenAI ChatGPT,,Y,Y,Y,N,N,N,N,N,Y,N,N,N,,,Y,N,,N,,,,Y,2.0,5.0,1.0,"Oui, avec m√©fiance",N,0.0,"Je suis curieux(se) et pr√™t(e) √† l'essayer rapidement, mais avec prudence.",N,Elle aidera les travailleurs plut√¥t que de les remplacer.,Radicalement,,18-25 ans.,Masculin,√âconomie et gestion.,,Y,3.0,2.0,236.69,58.95,45.51,74.26,57.97
66,4.0,2.0,N,N,N,N,N,N,Luzia,Autre,Luzia,N,Y,N,N,Y,N,N,Y,N,N,N,N,,,Y,Y,N,,,N,,,2.0,4.0,0.0,"Non, pas d'accord",N,3.0,Je pr√©f√®re attendre que d'autres testent avant d'utiliser.,N,Elle ouvrira de nouvelles opportunit√©s professionnelles.,Radicalement,"Pourquoi, reconnaitre les sentiments d'une personne",18-25 ans.,F√©minin,Autre,Journalisme plurimedia,Y,2.0,0.0,371.89,119.69,81.48,119.08,51.64
67,4.0,3.0,Y,N,N,N,N,Y,,OpenAI ChatGPT,,N,N,Y,Y,N,N,N,N,Y,Y,Y,N,,,Y,N,,Y,,,N,,2.0,6.0,1.0,"Oui, avec m√©fiance",N,0.0,Je pr√©f√®re attendre que d'autres testent avant d'utiliser.,N,Elle ouvrira de nouvelles opportunit√©s professionnelles.,Largement,,18-25 ans.,F√©minin,√âconomie et gestion.,,Y,3.0,2.0,309.53,133.53,85.33,53.22,37.45
68,4.0,2.0,Y,N,Y,N,N,N,,OpenAI ChatGPT,,Y,Y,N,N,N,N,Y,N,N,N,Y,N,,,Y,Y,N,,,N,,,1.0,7.0,1.0,"Oui, avec m√©fiance",N,3.0,"Je suis curieux(se) et pr√™t(e) √† l'essayer rapidement, mais avec prudence.",Y,Elle remplacera de nombreux emplois.,Radicalement,,18-25 ans.,F√©minin,√âconomie et gestion.,,Y,3.0,3.0,231.56,104.85,49.59,38.91,38.21
69,0.0,,,,,,,,,,,,,,,,,,,,,,,,,,,,,,,,,,,,,,,,,,,,,,,,,,,0.0,,,,
70,4.0,3.0,Y,Y,N,N,N,N,,OpenAI ChatGPT,,Y,Y,Y,Y,N,N,N,N,N,N,N,N,,,N,N,,N,,,,N,1.0,9.0,2.0,"Oui, sans probl√®me",Y,0.0,"J‚Äôaime √™tre parmi les premiers √† essayer ces innovations, m√™me s'il y a des risques potentiels.",N,Elle remplacera de nombreux emplois.,Pas du tout,,25-30 ans.,Masculin,Sciences et ing√©nierie.,,Y,3.0,3.0,90.29,36.94,23.41,8.81,21.13
71,4.0,2.0,Y,Y,N,N,N,N,,OpenAI ChatGPT,,Y,Y,N,Y,N,N,N,N,N,N,N,N,,,N,N,,N,,,,N,1.0,8.0,2.0,"Oui, sans probl√®me",N,0.0,Je pr√©f√®re attendre que d'autres testent avant d'utiliser.,Y,"Elle supprimera certains postes, mais seulement dans certains secteurs.",Largement,Je dirai que jusqu'√† pr√©sent je suis satisfaite et que je ne sais pas quoi ajouter,18-25 ans.,F√©minin,√âconomie et gestion.,,Y,2.0,2.0,259.28,88.56,32.72,85.52,52.48
72,1.0,2.0,Y,Y,N,Y,N,Y,,OpenAI ChatGPT,,N,N,N,Y,N,N,Y,N,N,N,N,N,,,N,N,,N,,,,Y,2.0,,,,,,,,,,,,,,,,,,408.48,408.48,,,
73,1.0,2.0,Y,N,N,N,N,N,,OpenAI ChatGPT,,N,Y,N,N,N,N,N,N,Y,Y,N,N,,,N,N,,N,,,,N,1.0,,,,,,,,,,,,,,,,,,72.49,72.49,,,
74,4.0,2.0,Y,N,N,N,N,N,,OpenAI ChatGPT,,Y,N,Y,N,N,N,N,N,Y,Y,N,Y,,,N,N,,N,,,,N,0.0,6.0,0.0,"Non, jamais",Y,1.0,Je pr√©f√®re attendre que d'autres testent avant d'utiliser.,N,"Elle supprimera certains postes, mais seulement dans certains secteurs.",L√©g√®rement,,18-25 ans.,F√©minin,√âconomie et gestion.,,Y,2.0,1.0,145.39,55.03,43.36,26.77,20.23
75,4.0,3.0,Y,N,N,N,N,N,,OpenAI ChatGPT,,Y,Y,Y,Y,Y,Y,Y,N,Y,Y,N,Y,,,Y,Y,N,,,N,,,1.0,7.0,3.0,"Oui, avec m√©fiance",N,3.0,Je pr√©f√®re attendre que d'autres testent avant d'utiliser.,N,"Elle supprimera certains postes, mais seulement dans certains secteurs.",Largement,,25-30 ans.,Masculin,"Arts, lettres et sciences humaines.",,Y,3.0,3.0,176.8,72.41,39.81,36.88,27.7
76,4.0,3.0,Y,N,N,N,N,N,,OpenAI ChatGPT,,Y,Y,Y,N,N,N,N,N,N,N,N,N,,,N,N,,N,,,,N,2.0,9.0,3.0,"Oui, avec m√©fiance",Y,1.0,Je pr√©f√®re attendre que d'autres testent avant d'utiliser.,Y,Elle remplacera de nombreux emplois.,Largement,,18-25 ans.,F√©minin,Autre,Architecture,Y,2.0,2.0,309.83,100.02,60.14,100.74,48.93
77,4.0,1.0,Y,N,N,N,N,N,,OpenAI ChatGPT,,Y,Y,Y,N,N,Y,Y,Y,N,N,N,N,,,Y,Y,N,,,N,,,2.0,8.0,1.0,"Oui, avec m√©fiance",Y,0.0,"Je suis curieux(se) et pr√™t(e) √† l'essayer rapidement, mais avec prudence.",N,Elle aidera les travailleurs plut√¥t que de les remplacer.,Radicalement,,18-25 ans.,Masculin,Autre,Marketing / communication,Y,2.0,1.0,301.21,90.27,44.41,135.07,31.46
78,4.0,2.0,Y,N,N,N,N,N,,OpenAI ChatGPT,,Y,Y,N,N,N,N,N,N,Y,Y,N,N,,,N,N,,N,,,,N,1.0,7.0,3.0,"Non, pas d'accord",N,2.0,"Je suis curieux(se) et pr√™t(e) √† l'essayer rapidement, mais avec prudence.",Y,"Elle supprimera certains postes, mais seulement dans certains secteurs.",Largement,,18-25 ans.,F√©minin,√âconomie et gestion.,,Y,2.0,0.0,304.24,102.9,122.08,48.23,31.03
79,4.0,3.0,Y,N,N,Y,Y,N,,OpenAI ChatGPT,,Y,N,N,N,N,Y,Y,Y,N,Y,N,N,,,Y,Y,N,,,N,,,1.0,8.0,1.0,"Oui, avec m√©fiance",Y,0.0,"Je suis curieux(se) et pr√™t(e) √† l'essayer rapidement, mais avec prudence.",Y,"Elle supprimera certains postes, mais seulement dans certains secteurs.",Largement,G√©n√©rer des videos suite a des prompts pr√©cis,18-25 ans.,Masculin,√âconomie et gestion.,,Y,3.0,2.0,360.17,137.23,92.85,89.98,40.11
80,0.0,,,,,,,,,,,,,,,,,,,,,,,,,,,,,,,,,,,,,,,,,,,,,,,,,,,0.0,,,,
81,0.0,,,,,,,,,,,,,,,,,,,,,,,,,,,,,,,,,,,,,,,,,,,,,,,,,,,0.0,,,,
82,4.0,1.0,Y,N,N,N,N,N,,OpenAI ChatGPT,,N,Y,N,N,N,N,N,N,N,N,N,N,,,N,N,,N,,,,N,0.0,1.0,0.0,"Non, jamais",Y,3.0,Je pr√©f√®re attendre que d'autres testent avant d'utiliser.,N,Je ne sais pas encore.,Largement,Je ne sais pas,18-25 ans.,Masculin,Droit et science politique,,Y,3.0,3.0,335.22,159.11,82.86,67.95,25.3
83,4.0,2.0,Y,N,N,N,N,N,,OpenAI ChatGPT,,N,N,N,Y,N,N,N,N,N,N,N,N,,,N,N,,N,,,,Y,1.0,5.0,1.0,"Non, pas d'accord",N,3.0,"Je suis curieux(se) et pr√™t(e) √† l'essayer rapidement, mais avec prudence.",N,Elle ouvrira de nouvelles opportunit√©s professionnelles.,Largement,De recherche plus pr√©cise en temps r√©el,18-25 ans.,Masculin,Sciences et ing√©nierie.,,Y,3.0,3.0,513.1,134.11,99.12,250.4,29.47
84,4.0,1.0,Y,N,N,N,N,N,,OpenAI ChatGPT,,Y,Y,Y,N,N,N,N,N,N,Y,N,N,,,N,N,,N,,,,Y,1.0,4.0,3.0,"Non, jamais",Y,0.0,Je pr√©f√®re attendre que d'autres testent avant d'utiliser.,Y,Je ne sais pas encore.,Largement,,25-30 ans.,Masculin,√âconomie et gestion.,,Y,2.0,2.0,355.51,104.6,103.32,96.72,50.87
85,4.0,3.0,Y,N,N,Y,N,N,,OpenAI ChatGPT,,Y,N,Y,Y,N,N,Y,N,N,N,N,N,,,Y,N,,Y,,,Y,,,7.0,3.0,"Oui, avec m√©fiance",N,0.0,"Je suis curieux(se) et pr√™t(e) √† l'essayer rapidement, mais avec prudence.",N,Elle aidera les travailleurs plut√¥t que de les remplacer.,Largement,Cr√©er des pr√©sentations de A √† Z en respectant une charte graphique pr√©cise,18-25 ans.,Masculin,√âconomie et gestion.,,Y,3.0,3.0,293.83,144.11,47.71,76.23,25.78
86,4.0,2.0,Y,N,N,N,N,N,,OpenAI ChatGPT,,Y,Y,Y,Y,Y,Y,Y,Y,Y,Y,Y,N,,,Y,Y,Y,,N,,,,1.0,7.0,2.0,"Non, pas d'accord",N,0.0,"Je suis curieux(se) et pr√™t(e) √† l'essayer rapidement, mais avec prudence.",N,"Elle supprimera certains postes, mais seulement dans certains secteurs.",Radicalement,,18-25 ans.,Masculin,√âconomie et gestion.,,Y,3.0,2.0,162.72,68.91,37.39,31.31,25.11
87,4.0,2.0,Y,N,Y,N,N,N,,OpenAI ChatGPT,,Y,Y,N,N,Y,N,N,N,N,Y,N,Y,,,Y,Y,N,,,N,,,1.0,6.0,0.0,"Non, pas d'accord",Y,1.0,Je pr√©f√®re attendre que d'autres testent avant d'utiliser.,N,Elle ouvrira de nouvelles opportunit√©s professionnelles.,Largement,,18-25 ans.,Masculin,√âconomie et gestion.,,Y,3.0,2.0,191.18,76.46,48.52,33.92,32.28
88,4.0,3.0,Y,N,N,N,N,N,,OpenAI ChatGPT,,Y,N,N,Y,N,N,N,N,N,N,N,N,,,Y,Y,Y,,Y,,,,2.0,8.0,1.0,"Oui, avec m√©fiance",N,3.0,"J‚Äôaime √™tre parmi les premiers √† essayer ces innovations, m√™me s'il y a des risques potentiels.",N,Elle ouvrira de nouvelles opportunit√©s professionnelles.,Radicalement,Je ne sais pas,18-25 ans.,Masculin,Autre,Master MBFA,Y,3.0,2.0,171.29,38.86,42.4,45.44,44.59
89,1.0,2.0,N,N,Y,N,Y,N,,Google Gemini,,N,N,Y,N,N,N,Y,N,N,N,N,N,,,N,N,,Y,,,N,,1.0,,,,,,,,,,,,,,,,,,109.68,109.68,,,
90,4.0,2.0,Y,N,N,N,N,N,,OpenAI ChatGPT,,Y,Y,Y,N,N,N,N,N,N,Y,N,N,,,N,N,,N,,,,Y,1.0,5.0,3.0,"Oui, avec m√©fiance",Y,0.0,Je pr√©f√®re attendre que d'autres testent avant d'utiliser.,N,"Elle supprimera certains postes, mais seulement dans certains secteurs.",Largement,Faire des proc√©dures administratives pour nous,30-40 ans.,Masculin,Autre,B√¢timent Travaux Public,Y,3.0,1.0,904.07,256.38,235.78,258.34,153.57
91,4.0,2.0,Y,Y,N,N,N,N,,OpenAI ChatGPT,,N,Y,N,Y,N,N,N,N,Y,N,N,N,,,N,N,,Y,,,N,,1.0,7.0,1.0,"Non, pas d'accord",Y,0.0,Je pr√©f√®re attendre que d'autres testent avant d'utiliser.,N,Elle remplacera de nombreux emplois.,Largement,Produire nos ressources de telle sorte que nous n'ayons plus a travailler,18-25 ans.,Masculin,Sciences et ing√©nierie.,,Y,2.0,0.0,341.77,90.64,84.69,139.58,26.86
92,4.0,3.0,Y,Y,N,N,N,N,,OpenAI ChatGPT,,Y,Y,N,Y,N,N,Y,N,N,Y,N,N,,,N,N,,N,,,,Y,1.0,7.0,1.0,"Oui, avec m√©fiance",N,1.0,Je pr√©f√®re attendre que d'autres testent avant d'utiliser.,N,"Elle supprimera certains postes, mais seulement dans certains secteurs.",Largement,Je ne sais pas,25-30 ans.,Masculin,√âconomie et gestion.,,Y,4.0,3.0,553.78,193.59,79.42,245.38,35.39
93,1.0,2.0,Y,Y,N,N,N,N,,OpenAI ChatGPT,,N,N,N,N,N,N,N,Y,Y,N,N,N,,,N,N,,Y,,,N,,2.0,,,,,,,,,,,,,,,,,,818.93,818.93,,,
94,0.0,,,,,,,,,,,,,,,,,,,,,,,,,,,,,,,,,,,,,,,,,,,,,,,,,,,0.0,,,,
95,4.0,2.0,Y,N,N,Y,Y,N,,OpenAI ChatGPT,,Y,Y,Y,N,N,N,Y,N,Y,Y,N,Y,,,N,N,,Y,,,Y,,1.0,8.0,3.0,"Non, jamais",Y,1.0,"Je suis curieux(se) et pr√™t(e) √† l'essayer rapidement, mais avec prudence.",N,Elle aidera les travailleurs plut√¥t que de les remplacer.,Largement,capacit√© de automatiser une certaine tache come √©crire un livre en plusieurs parties,30-40 ans.,Masculin,Autre,informatique,N,,1.0,651.23,139.82,193.46,182.34,135.61
96,4.0,3.0,Y,N,Y,N,N,N,,OpenAI ChatGPT,,Y,N,Y,N,N,N,N,N,N,N,N,N,,,N,N,,N,,,,N,2.0,6.0,3.0,"Non, pas d'accord",N,3.0,Je pr√©f√®re attendre que d'autres testent avant d'utiliser.,N,Elle ouvrira de nouvelles opportunit√©s professionnelles.,Largement,,18-25 ans.,Masculin,,Informatique,Y,3.0,2.0,195.07,64.26,53.02,41.6,36.19
97,-1.0,3.0,N,N,N,N,N,N,,,,N,N,N,N,N,N,N,N,N,N,N,N,,,,N,,,,,,,,,,,,,,,,,,,,,,,,,85.92,85.92,,,
98,4.0,3.0,Y,N,N,N,N,Y,,OpenAI ChatGPT,,Y,Y,N,Y,Y,Y,Y,Y,N,N,N,Y,,,Y,Y,Y,,Y,,,,0.0,9.0,2.0,"Oui, avec m√©fiance",Y,3.0,"Je suis curieux(se) et pr√™t(e) √† l'essayer rapidement, mais avec prudence.",N,Elle ouvrira de nouvelles opportunit√©s professionnelles.,Largement,,40-60 ans,Masculin,Sciences et ing√©nierie.,,N,,3.0,427.23,202.97,93.54,64.11,66.61
99,4.0,3.0,Y,N,N,Y,N,N,Le chat,OpenAI ChatGPT,,Y,Y,N,N,N,N,N,N,N,N,N,N,,,Y,N,,Y,,,N,,2.0,8.0,1.0,"Non, pas d'accord",N,0.0,"Je suis curieux(se) et pr√™t(e) √† l'essayer rapidement, mais avec prudence.",N,"Elle supprimera certains postes, mais seulement dans certains secteurs.",L√©g√®rement,,18-25 ans.,Masculin,√âconomie et gestion.,,Y,3.0,2.0,321.63,175.83,70.16,37.22,38.42
100,0.0,,,,,,,,,,,,,,,,,,,,,,,,,,,,,,,,,,,,,,,,,,,,,,,,,,,0.0,,,,
101,4.0,2.0,Y,N,N,Y,N,N,,OpenAI ChatGPT,,Y,N,N,N,N,Y,N,Y,N,N,N,N,,,Y,Y,N,,,N,,,2.0,6.0,2.0,"Oui, sans probl√®me",Y,0.0,"J‚Äôaime √™tre parmi les premiers √† essayer ces innovations, m√™me s'il y a des risques potentiels.",N,Elle remplacera de nombreux emplois.,Radicalement,Trait√© des exercices correctement en se basant sur le cour fourni en pdf,18-25 ans.,Masculin,√âconomie et gestion.,,Y,2.0,1.0,463.72,149.65,109.23,147.94,56.9
102,2.0,0.0,N,N,N,N,N,N,Aucun,Autre,Aucun,N,N,N,N,N,N,N,N,N,N,N,N,Aucun,,N,N,,N,,,,N,0.0,5.0,1.0,"Non, pas d'accord",Y,1.0,Je pr√©f√®re attendre que d'autres testent avant d'utiliser.,,,,,,,,,,,,531.55,262.2,269.35,,
103,0.0,,,,,,,,,,,,,,,,,,,,,,,,,,,,,,,,,,,,,,,,,,,,,,,,,,,0.0,,,,
104,0.0,,,,,,,,,,,,,,,,,,,,,,,,,,,,,,,,,,,,,,,,,,,,,,,,,,,0.0,,,,
105,0.0,,,,,,,,,,,,,,,,,,,,,,,,,,,,,,,,,,,,,,,,,,,,,,,,,,,0.0,,,,
106,4.0,2.0,Y,N,N,N,N,N,,OpenAI ChatGPT,,Y,Y,N,N,N,N,N,N,N,N,N,N,,,N,N,,N,,,,Y,1.0,8.0,1.0,"Oui, avec m√©fiance",N,0.0,Je pr√©f√®re attendre que d'autres testent avant d'utiliser.,N,Elle remplacera de nombreux emplois.,Largement,,25-30 ans.,F√©minin,"Arts, lettres et sciences humaines.",,Y,2.0,2.0,276.2,77.96,85.5,75.36,37.38
107,4.0,3.0,N,N,Y,N,N,N,,Google Gemini,,Y,Y,Y,N,Y,N,N,N,N,N,N,N,,,Y,Y,Y,,Y,,,,1.0,10.0,2.0,"Oui, sans probl√®me",Y,2.0,Je pr√©f√®re attendre que d'autres testent avant d'utiliser.,N,Elle aidera les travailleurs plut√¥t que de les remplacer.,Largement,L'IA doit nous permettre de naviguer gratuitement,18-25 ans.,Masculin,"Arts, lettres et sciences humaines.",,Y,0.0,0.0,611.42,179.17,126.96,181.37,123.92
108,2.0,3.0,Y,N,N,N,N,N,,OpenAI ChatGPT,,Y,Y,Y,N,N,Y,Y,N,Y,Y,Y,Y,,,N,N,,N,,,,N,2.0,7.0,1.0,"Oui, sans probl√®me",Y,3.0,"Je suis curieux(se) et pr√™t(e) √† l'essayer rapidement, mais avec prudence.",,,,,,,,,,,,245.91,154.47,91.44,,
109,4.0,2.0,Y,N,N,N,N,N,,OpenAI ChatGPT,,Y,N,N,N,N,N,N,N,N,Y,Y,N,,,Y,Y,Y,,N,,,,1.0,8.0,1.0,"Oui, avec m√©fiance",Y,0.0,Je pr√©f√®re attendre que d'autres testent avant d'utiliser.,N,Elle aidera les travailleurs plut√¥t que de les remplacer.,Pas du tout,Je ne sais pas,18-25 ans.,F√©minin,"Arts, lettres et sciences humaines.",,Y,3.0,3.0,304.02,117.35,69.29,72.48,44.9
110,4.0,2.0,Y,N,N,Y,N,N,,OpenAI ChatGPT,,Y,Y,Y,N,N,Y,N,N,N,N,N,N,,,Y,Y,Y,,Y,,,,1.0,7.0,0.0,"Oui, avec m√©fiance",N,0.0,Je pr√©f√®re attendre que d'autres testent avant d'utiliser.,Y,Elle remplacera de nombreux emplois.,L√©g√®rement,"J‚Äôaimerais qu‚Äôelle puisse prendre des initiatives et r√©soudre certaines taches puis r√©pondre au mail. Par exemple, je suis chef de mission dans un cabinet d‚Äôexpertise comptable, j‚Äôaimerais pouvoir dicter les variables de paye √† une IA qui s‚Äôoccupe de faire les calculs et g√©n√©rer automatiquement les fiches de payes puis les renommer et ensuite transmettre un mail au client en lui indiquant qu‚Äôil s‚Äôagit les fiches de payes et que le montant des cotisations sociales qu‚Äôil aura √† payer s‚Äô√©l√®ve √† X montant.",18-25 ans.,Masculin,√âconomie et gestion.,,Y,4.0,3.0,398.44,114.66,69.62,170.44,43.72
111,4.0,3.0,Y,Y,N,N,N,N,,Microsoft Copilot,,N,N,N,Y,N,N,N,N,N,N,N,N,,,N,N,,N,,,,N,1.0,6.0,0.0,"Oui, avec m√©fiance",N,3.0,Je pr√©f√®re attendre que d'autres testent avant d'utiliser.,N,"Elle supprimera certains postes, mais seulement dans certains secteurs.",L√©g√®rement,,18-25 ans.,Masculin,Autre,Math√©matique et informatique,N,,3.0,425.92,93.11,109.33,156.63,66.85
112,1.0,1.0,N,N,N,N,N,Y,,Microsoft Copilot,,Y,N,N,N,N,N,N,N,N,N,N,N,,,Y,Y,Y,,Y,,,,0.0,,,,Y,,,,,,,,,,,,,,57.53,44.29,13.24,,
113,0.0,,,,,,,,,,,,,,,,,,,,,,,,,,,,,,,,,,,,,,,,,,,,,,,,,,,0.0,,,,
114,4.0,2.0,Y,N,N,Y,N,N,,OpenAI ChatGPT,,N,Y,Y,N,N,N,N,N,N,N,N,N,Les math√©matiques,,Y,Y,Y,,N,,,,2.0,7.0,3.0,"Non, pas d'accord",N,0.0,"Je suis curieux(se) et pr√™t(e) √† l'essayer rapidement, mais avec prudence.",N,"Elle supprimera certains postes, mais seulement dans certains secteurs.",L√©g√®rement,Moins d'erreur,18-25 ans.,Masculin,√âconomie et gestion.,,Y,3.0,2.0,266.0,92.06,72.97,75.25,25.72
115,0.0,,,,,,,,,,,,,,,,,,,,,,,,,,,,,,,,,,,,,,,,,,,,,,,,,,,0.0,,,,
116,2.0,3.0,Y,N,N,N,N,N,,OpenAI ChatGPT,,Y,N,Y,N,N,N,N,N,N,Y,N,N,,,N,N,,N,,,,N,,9.0,2.0,"Oui, avec m√©fiance",N,1.0,"Je suis curieux(se) et pr√™t(e) √† l'essayer rapidement, mais avec prudence.",,,,,,,,,,,,150.77,78.86,71.91,,
117,4.0,3.0,Y,Y,Y,Y,N,N,,OpenAI ChatGPT,,Y,Y,Y,N,N,Y,Y,Y,Y,Y,Y,Y,,,N,N,,N,,,,N,0.0,6.0,2.0,"Oui, avec m√©fiance",Y,1.0,"Je suis curieux(se) et pr√™t(e) √† l'essayer rapidement, mais avec prudence.",N,Je ne sais pas encore.,Radicalement,Cloner des √™tre humain au niveau mol√©culaire,18-25 ans.,Masculin,√âconomie et gestion.,,Y,3.0,2.0,1650.69,226.45,45.52,1268.46,110.26
118,4.0,2.0,Y,Y,N,N,N,Y,,OpenAI ChatGPT,,N,Y,Y,N,N,Y,N,N,Y,Y,N,N,,,N,N,,N,,,,N,1.0,8.0,1.0,"Oui, avec m√©fiance",N,0.0,Je pr√©f√®re attendre que d'autres testent avant d'utiliser.,Y,Elle remplacera de nombreux emplois.,Largement,,18-25 ans.,Masculin,Sciences et ing√©nierie.,,Y,3.0,1.0,416.75,183.9,105.29,80.31,47.25
119,0.0,,,,,,,,,,,,,,,,,,,,,,,,,,,,,,,,,,,,,,,,,,,,,,,,,,,0.0,,,,
120,0.0,,,,,,,,,,,,,,,,,,,,,,,,,,,,,,,,,,,,,,,,,,,,,,,,,,,0.0,,,,
121,4.0,1.0,Y,N,N,N,N,N,,OpenAI ChatGPT,,N,Y,N,N,N,N,N,N,N,N,N,N,,,Y,Y,Y,,N,,,,1.0,7.0,1.0,"Oui, avec m√©fiance",Y,0.0,Je pr√©f√®re attendre que d'autres testent avant d'utiliser.,N,Elle aidera les travailleurs plut√¥t que de les remplacer.,Largement,J‚Äôaimerais que l‚Äôia puisse donner des d√©tails sur les projets √† mener pour une meilleure condition de vie,18-25 ans.,Masculin,"Arts, lettres et sciences humaines.",,N,,0.0,562.55,137.24,131.6,214.35,79.36
122,4.0,3.0,Y,N,N,N,N,N,,OpenAI ChatGPT,,Y,Y,Y,N,N,Y,Y,Y,N,Y,N,Y,,,Y,Y,Y,,N,,,,,7.0,3.0,"Oui, sans probl√®me",N,2.0,Je pr√©f√®re attendre que d'autres testent avant d'utiliser.,Y,Elle remplacera de nombreux emplois.,Radicalement,,18-25 ans.,Masculin,"Arts, lettres et sciences humaines.",,Y,2.0,2.0,421.08,93.7,64.33,34.31,228.74
123,4.0,3.0,Y,Y,Y,Y,N,N,,OpenAI ChatGPT,,Y,Y,Y,Y,Y,N,Y,N,N,Y,Y,Y,,,N,N,,N,,,,N,2.0,8.0,2.0,"Non, pas d'accord",N,1.0,"Je suis curieux(se) et pr√™t(e) √† l'essayer rapidement, mais avec prudence.",N,Elle ouvrira de nouvelles opportunit√©s professionnelles.,Radicalement,,18-25 ans.,Masculin,Sciences et ing√©nierie.,,Y,3.0,2.0,262.65,111.98,83.22,28.79,38.66
124,4.0,2.0,Y,N,Y,Y,N,N,,OpenAI ChatGPT,,Y,Y,Y,Y,Y,N,N,Y,Y,Y,N,N,,,Y,Y,N,,,N,,,2.0,7.0,2.0,"Oui, avec m√©fiance",Y,1.0,"J‚Äôaime √™tre parmi les premiers √† essayer ces innovations, m√™me s'il y a des risques potentiels.",N,"Elle supprimera certains postes, mais seulement dans certains secteurs.",L√©g√®rement,Je vais pas donner mes id√©es ü§£,18-25 ans.,Masculin,Sciences et ing√©nierie.,,Y,3.0,0.0,397.74,229.96,69.04,56.61,42.13
125,1.0,2.0,Y,N,Y,N,N,N,,OpenAI ChatGPT,,N,Y,Y,N,N,N,N,N,Y,N,N,N,,,Y,N,,Y,,,Y,,1.0,,,,,,,,,,,,,,,,,,189.14,189.14,,,
126,4.0,3.0,Y,Y,N,N,N,N,,OpenAI ChatGPT,,Y,Y,Y,N,N,N,N,N,Y,N,N,N,,,Y,N,,Y,,,N,,1.0,6.0,3.0,"Non, pas d'accord",Y,1.0,"Je suis curieux(se) et pr√™t(e) √† l'essayer rapidement, mais avec prudence.",Y,"Elle supprimera certains postes, mais seulement dans certains secteurs.",Largement,,18-25 ans.,F√©minin,Sciences et ing√©nierie.,,Y,3.0,0.0,253.76,114.91,60.04,43.72,35.09
127,1.0,1.0,Y,N,Y,N,N,N,,OpenAI ChatGPT,,N,N,N,N,N,N,N,N,N,N,N,N,Traitement d'exercices Scientifiques,,N,N,,N,,,,Y,0.0,,,,,,,,,,,,,,,,,,291.57,291.57,,,
128,4.0,1.0,Y,N,N,N,N,N,,OpenAI ChatGPT,,N,Y,N,N,N,N,N,N,N,N,N,N,,,N,Y,N,,,N,,,1.0,7.0,3.0,"Oui, avec m√©fiance",Y,0.0,Je pr√©f√®re attendre que d'autres testent avant d'utiliser.,N,"Elle supprimera certains postes, mais seulement dans certains secteurs.",L√©g√®rement,,30-40 ans.,Masculin,Droit et science politique,,Y,3.0,3.0,295.57,125.9,79.43,40.48,49.76
129,4.0,2.0,Y,N,N,N,N,N,,OpenAI ChatGPT,,Y,Y,Y,N,N,N,N,N,N,N,N,N,,,Y,Y,N,,,N,,,2.0,4.0,1.0,"Non, pas d'accord",N,3.0,"Je suis curieux(se) et pr√™t(e) √† l'essayer rapidement, mais avec prudence.",N,Elle aidera les travailleurs plut√¥t que de les remplacer.,Radicalement,L‚ÄôIA fait d√©j√† tout !,18-25 ans.,Masculin,√âconomie et gestion.,,Y,3.0,0.0,291.32,88.73,78.15,83.39,41.05
130,0.0,,,,,,,,,,,,,,,,,,,,,,,,,,,,,,,,,,,,,,,,,,,,,,,,,,,0.0,,,,
131,4.0,3.0,N,N,N,N,N,N,Perplexity,Autre,Perplexity,N,Y,N,N,N,N,N,N,N,N,N,N,,,N,N,,Y,,,N,,1.0,7.0,2.0,"Oui, avec m√©fiance",N,0.0,Je pr√©f√®re attendre que d'autres testent avant d'utiliser.,Y,"Elle supprimera certains postes, mais seulement dans certains secteurs.",L√©g√®rement,Cr√©er un appareil qui va remplacer l‚Äôavion,18-25 ans.,F√©minin,Autre,Psychologie,Y,1.0,0.0,359.65,148.82,68.71,72.09,70.03
132,4.0,2.0,Y,N,Y,N,N,N,,OpenAI ChatGPT,,N,Y,Y,N,N,Y,N,N,Y,N,N,N,,,Y,N,,Y,,,Y,,0.0,6.0,3.0,"Non, pas d'accord",Y,0.0,Je pr√©f√®re attendre que d'autres testent avant d'utiliser.,N,"Elle supprimera certains postes, mais seulement dans certains secteurs.",Largement,Faire des expos√©s avec des images,18-25 ans.,Masculin,√âconomie et gestion.,,Y,3.0,2.0,483.81,104.29,175.54,164.12,39.86
133,4.0,3.0,Y,N,N,N,Y,N,,Grok,,Y,Y,Y,N,N,N,N,N,N,Y,Y,N,,,Y,N,,Y,,,N,,2.0,8.0,1.0,"Non, jamais",Y,1.0,Je pr√©f√®re attendre que d'autres testent avant d'utiliser.,N,Elle aidera les travailleurs plut√¥t que de les remplacer.,Largement,Difficile de r√©pondre sachant que la port√©e de l'IA est d√©j√† tr√®s large.,18-25 ans.,Masculin,Autre,Finance,Y,3.0,2.0,357.63,83.09,95.45,146.33,32.76
134,4.0,2.0,Y,N,N,N,N,N,,OpenAI ChatGPT,,N,Y,N,N,N,N,N,N,N,N,N,N,,,N,N,,N,,,,Y,2.0,7.0,1.0,"Non, jamais",Y,0.0,Je pr√©f√®re attendre que d'autres testent avant d'utiliser.,Y,Elle remplacera de nombreux emplois.,Largement,L'actualit√©,25-30 ans.,F√©minin,Droit et science politique,,Y,3.0,3.0,591.61,241.16,185.12,108.19,57.14
135,4.0,3.0,Y,Y,N,Y,Y,N,,OpenAI ChatGPT,,N,Y,N,N,N,N,N,N,N,N,N,N,,,Y,Y,Y,,Y,,,,0.0,5.0,1.0,"Non, pas d'accord",Y,0.0,"Je suis curieux(se) et pr√™t(e) √† l'essayer rapidement, mais avec prudence.",Y,Elle remplacera de nombreux emplois.,Largement,Pas de r√©ponse √† l‚Äôinstant T.,18-25 ans.,Masculin,√âconomie et gestion.,,Y,3.0,2.0,322.85,151.43,82.84,47.8,40.78
136,4.0,1.0,N,N,Y,N,N,N,,Google Gemini,,N,Y,N,N,N,N,N,N,N,N,N,N,,,Y,N,,N,,,,Y,0.0,7.0,1.0,"Non, pas d'accord",Y,1.0,Je pr√©f√®re attendre que d'autres testent avant d'utiliser.,Y,Elle remplacera de nombreux emplois.,Largement,,30-40 ans.,Masculin,M√©decine et sant√©.,,N,,0.0,351.15,171.63,84.57,62.83,32.12
137,4.0,2.0,Y,Y,Y,N,N,N,,OpenAI ChatGPT,,Y,Y,N,Y,N,Y,N,N,N,Y,N,N,,,Y,Y,N,,,N,,,1.0,7.0,1.0,"Oui, avec m√©fiance",Y,0.0,"Je suis curieux(se) et pr√™t(e) √† l'essayer rapidement, mais avec prudence.",Y,"Elle supprimera certains postes, mais seulement dans certains secteurs.",Radicalement,,18-25 ans.,Masculin,Sciences et ing√©nierie.,,Y,3.0,0.0,394.43,165.05,109.82,63.21,56.35
138,4.0,2.0,Y,Y,N,N,N,N,,OpenAI ChatGPT,,Y,Y,Y,N,N,N,N,N,N,Y,Y,N,,,N,N,,N,,,,N,1.0,7.0,1.0,"Oui, avec m√©fiance",N,0.0,"Je suis curieux(se) et pr√™t(e) √† l'essayer rapidement, mais avec prudence.",Y,Elle remplacera de nombreux emplois.,Largement,,18-25 ans.,Masculin,√âconomie et gestion.,,Y,3.0,2.0,233.03,94.68,74.28,30.4,33.67
139,4.0,1.0,Y,N,N,N,N,N,,OpenAI ChatGPT,,Y,Y,Y,N,N,N,N,N,N,N,N,Y,,,N,Y,N,,,N,,,1.0,7.0,3.0,"Non, pas d'accord",Y,0.0,Je pr√©f√®re attendre que d'autres testent avant d'utiliser.,Y,Elle remplacera de nombreux emplois.,Largement,Aucune id√©e pour le moment,18-25 ans.,F√©minin,Autre,,Y,1.0,1.0,1003.67,137.35,92.52,706.82,66.98
140,0.0,1.0,N,N,Y,N,N,N,,Microsoft Copilot,,N,N,Y,N,N,N,N,N,N,N,N,N,,,Y,N,,,,,,,1.0,,,,,,,,,,,,,,,,,,81.59,81.59,,,
141,0.0,,,,,,,,,,,,,,,,,,,,,,,,,,,,,,,,,,,,,,,,,,,,,,,,,,,0.0,,,,
142,0.0,,,,,,,,,,,,,,,,,,,,,,,,,,,,,,,,,,,,,,,,,,,,,,,,,,,0.0,,,,
143,4.0,2.0,Y,N,N,Y,N,N,,OpenAI ChatGPT,,Y,Y,N,N,N,N,N,N,N,Y,N,Y,,,Y,N,,N,,,,N,1.0,7.0,1.0,"Non, pas d'accord",N,1.0,"Je suis curieux(se) et pr√™t(e) √† l'essayer rapidement, mais avec prudence.",Y,Elle aidera les travailleurs plut√¥t que de les remplacer.,Largement,,18-25 ans.,Masculin,√âconomie et gestion.,,Y,3.0,2.0,257.0,112.26,62.81,44.39,37.54
144,0.0,,,,,,,,,,,,,,,,,,,,,,,,,,,,,,,,,,,,,,,,,,,,,,,,,,,0.0,,,,
145,4.0,2.0,Y,N,N,N,N,N,,OpenAI ChatGPT,,Y,N,N,N,N,N,N,Y,Y,Y,N,Y,,,N,N,,N,,,,N,1.0,6.0,3.0,"Non, pas d'accord",N,3.0,Je pr√©f√®re attendre que d'autres testent avant d'utiliser.,Y,"Elle supprimera certains postes, mais seulement dans certains secteurs.",Largement,,18-25 ans.,F√©minin,√âconomie et gestion.,,Y,3.0,2.0,302.27,108.66,92.51,56.93,44.17
146,4.0,2.0,Y,N,N,N,N,N,,OpenAI ChatGPT,,N,Y,N,N,N,N,N,N,N,N,N,N,,,Y,N,,N,,,,Y,2.0,8.0,1.0,"Oui, avec m√©fiance",N,0.0,"Je suis curieux(se) et pr√™t(e) √† l'essayer rapidement, mais avec prudence.",N,Elle aidera les travailleurs plut√¥t que de les remplacer.,Largement,,30-40 ans.,Masculin,Autre,G√©nie civil,N,,1.0,498.09,168.23,167.74,58.4,103.72
147,0.0,,,,,,,,,,,,,,,,,,,,,,,,,,,,,,,,,,,,,,,,,,,,,,,,,,,0.0,,,,
148,4.0,3.0,Y,N,N,N,N,N,,OpenAI ChatGPT,,Y,Y,Y,Y,Y,Y,Y,N,Y,Y,N,N,,,Y,Y,N,,,N,,,2.0,7.0,1.0,"Oui, avec m√©fiance",Y,0.0,Je pr√©f√®re attendre que d'autres testent avant d'utiliser.,N,Elle remplacera de nombreux emplois.,Radicalement,,18-25 ans.,Masculin,Autre,Finance,Y,3.0,2.0,256.02,95.44,74.73,52.2,33.65
149,4.0,3.0,Y,N,N,Y,N,N,,OpenAI ChatGPT,,Y,N,Y,N,N,Y,N,N,N,N,Y,N,,,N,N,,N,,,,Y,2.0,6.0,1.0,"Non, pas d'accord",Y,0.0,Je pr√©f√®re attendre que d'autres testent avant d'utiliser.,N,Elle ouvrira de nouvelles opportunit√©s professionnelles.,Largement,,25-30 ans.,Masculin,"Arts, lettres et sciences humaines.",,Y,2.0,2.0,309.55,108.49,109.58,43.86,47.62
150,2.0,2.0,Y,N,N,N,N,N,,OpenAI ChatGPT,,Y,Y,Y,N,Y,Y,Y,N,N,N,Y,N,,,Y,Y,N,,,N,,,1.0,5.0,0.0,"Non, jamais",Y,3.0,"Je suis curieux(se) et pr√™t(e) √† l'essayer rapidement, mais avec prudence.",,,,,,,,,,,,174.02,138.06,35.96,,
151,0.0,,,,,,,,,,,,,,,,,,,,,,,,,,,,,,,,,,,,,,,,,,,,,,,,,,,0.0,,,,
152,4.0,3.0,Y,N,Y,N,Y,N,,OpenAI ChatGPT,,Y,Y,Y,Y,N,N,N,N,N,N,Y,Y,,,Y,Y,N,,,N,,,0.0,5.0,2.0,"Non, jamais",Y,0.0,Je pr√©f√®re attendre que d'autres testent avant d'utiliser.,N,"Elle supprimera certains postes, mais seulement dans certains secteurs.",Largement,,18-25 ans.,Masculin,Sciences et ing√©nierie.,,Y,3.0,2.0,168.99,60.72,53.09,31.42,23.76
153,4.0,2.0,Y,N,N,Y,N,N,,OpenAI ChatGPT,,Y,Y,Y,Y,N,Y,Y,N,Y,Y,Y,N,,,Y,N,,Y,,,Y,,2.0,6.0,1.0,"Oui, avec m√©fiance",Y,0.0,"Je suis curieux(se) et pr√™t(e) √† l'essayer rapidement, mais avec prudence.",Y,"Elle supprimera certains postes, mais seulement dans certains secteurs.",Largement,faire tout mon travail,18-25 ans.,F√©minin,√âconomie et gestion.,,Y,3.0,2.0,304.08,62.51,35.37,161.05,45.15
154,4.0,2.0,Y,Y,N,Y,Y,N,Mistral,DeepSeek,,N,Y,Y,Y,N,N,N,N,N,N,N,N,,,Y,N,,N,,,,Y,2.0,5.0,2.0,"Non, pas d'accord",Y,1.0,"J‚Äôaime √™tre parmi les premiers √† essayer ces innovations, m√™me s'il y a des risques potentiels.",N,Elle remplacera de nombreux emplois.,L√©g√®rement,,18-25 ans.,Masculin,√âconomie et gestion.,,Y,2.0,3.0,91.37,41.36,19.72,13.43,16.86
155,0.0,,,,,,,,,,,,,,,,,,,,,,,,,,,,,,,,,,,,,,,,,,,,,,,,,,,0.0,,,,
156,4.0,3.0,Y,N,N,N,N,N,,OpenAI ChatGPT,,Y,N,Y,N,N,N,Y,Y,Y,N,N,N,,,Y,Y,N,,,N,,,2.0,7.0,1.0,"Oui, avec m√©fiance",Y,3.0,"J‚Äôaime √™tre parmi les premiers √† essayer ces innovations, m√™me s'il y a des risques potentiels.",Y,Elle ouvrira de nouvelles opportunit√©s professionnelles.,L√©g√®rement,,18-25 ans.,Masculin,√âconomie et gestion.,,Y,2.0,0.0,257.15,92.55,86.57,47.08,30.95
157,4.0,3.0,Y,N,N,Y,N,N,,OpenAI ChatGPT,,Y,Y,Y,N,Y,Y,Y,N,Y,Y,N,Y,,,Y,N,,Y,,,Y,,2.0,7.0,2.0,"Oui, avec m√©fiance",N,1.0,"Je suis curieux(se) et pr√™t(e) √† l'essayer rapidement, mais avec prudence.",N,Elle aidera les travailleurs plut√¥t que de les remplacer.,Largement,,18-25 ans.,F√©minin,√âconomie et gestion.,,Y,2.0,0.0,203.48,90.61,57.78,28.94,26.15
158,4.0,3.0,Y,N,N,N,N,N,,OpenAI ChatGPT,,N,Y,Y,N,N,Y,N,N,N,Y,N,N,,,N,N,,N,,,,Y,,7.0,1.0,"Non, pas d'accord",N,2.0,Je pr√©f√®re attendre que d'autres testent avant d'utiliser.,Y,Elle remplacera de nombreux emplois.,Largement,,18-25 ans.,F√©minin,√âconomie et gestion.,,Y,2.0,0.0,216.61,79.2,66.11,44.67,26.63
159,0.0,,,,,,,,,,,,,,,,,,,,,,,,,,,,,,,,,,,,,,,,,,,,,,,,,,,0.0,,,,
160,1.0,3.0,Y,N,N,N,N,N,,OpenAI ChatGPT,,Y,Y,Y,Y,N,Y,Y,Y,Y,Y,Y,Y,,,Y,Y,Y,,N,,,,2.0,,,,,,,,,,,,,,,,,,167.52,167.52,,,
161,4.0,3.0,Y,N,N,N,N,N,,OpenAI ChatGPT,,N,Y,Y,Y,N,N,N,N,Y,N,N,Y,,,N,N,,N,,,,Y,,8.0,1.0,"Oui, avec m√©fiance",Y,0.0,"Je suis curieux(se) et pr√™t(e) √† l'essayer rapidement, mais avec prudence.",N,Elle ouvrira de nouvelles opportunit√©s professionnelles.,L√©g√®rement,,18-25 ans.,Autre,Sciences et ing√©nierie.,,Y,2.0,0.0,327.18,121.39,82.93,62.66,60.2
162,4.0,3.0,Y,Y,N,Y,Y,N,,OpenAI ChatGPT,,N,Y,N,Y,N,N,N,N,Y,N,Y,N,,,Y,Y,N,,,N,,,,8.0,2.0,"Oui, sans probl√®me",N,0.0,"Je suis curieux(se) et pr√™t(e) √† l'essayer rapidement, mais avec prudence.",N,Elle remplacera de nombreux emplois.,Largement,,18-25 ans.,Masculin,Sciences et ing√©nierie.,,Y,2.0,0.0,233.19,77.3,93.03,28.99,33.87
163,4.0,2.0,Y,N,Y,N,N,N,,OpenAI ChatGPT,,N,Y,N,N,N,N,N,Y,Y,N,N,N,,,N,N,,N,,,,Y,0.0,7.0,3.0,"Oui, avec m√©fiance",Y,0.0,Je pr√©f√®re attendre que d'autres testent avant d'utiliser.,Y,Elle remplacera de nombreux emplois.,Largement,,18-25 ans.,F√©minin,Sciences et ing√©nierie.,,Y,2.0,0.0,239.5,94.6,79.88,34.75,30.27
164,4.0,2.0,Y,N,N,N,N,N,,OpenAI ChatGPT,,Y,Y,Y,N,N,Y,N,N,Y,Y,Y,N,,,Y,N,,N,,,,Y,2.0,7.0,1.0,"Non, jamais",Y,1.0,Je pr√©f√®re attendre que d'autres testent avant d'utiliser.,Y,Elle remplacera de nombreux emplois.,Largement,,18-25 ans.,F√©minin,√âconomie et gestion.,,Y,2.0,0.0,648.22,111.3,166.26,74.38,296.28
165,4.0,2.0,Y,Y,N,N,N,N,,OpenAI ChatGPT,,Y,Y,Y,N,Y,Y,Y,Y,Y,Y,N,N,,,N,Y,N,,,N,,,2.0,4.0,3.0,"Non, pas d'accord",Y,2.0,"Je suis curieux(se) et pr√™t(e) √† l'essayer rapidement, mais avec prudence.",Y,Elle remplacera de nombreux emplois.,L√©g√®rement,,Moins de 18 ans.,Masculin,√âconomie et gestion.,,Y,2.0,0.0,1136.56,142.53,919.34,46.09,28.6
166,0.0,,,,,,,,,,,,,,,,,,,,,,,,,,,,,,,,,,,,,,,,,,,,,,,,,,,0.0,,,,
167,4.0,3.0,Y,N,N,N,N,N,,OpenAI ChatGPT,,Y,N,N,N,N,Y,Y,N,N,Y,Y,N,,,Y,Y,N,,,N,,,1.0,8.0,3.0,"Oui, sans probl√®me",N,3.0,Je pr√©f√®re attendre que d'autres testent avant d'utiliser.,N,"Elle supprimera certains postes, mais seulement dans certains secteurs.",Largement,,18-25 ans.,F√©minin,√âconomie et gestion.,,Y,2.0,2.0,355.9,111.61,136.29,88.92,19.08
168,4.0,2.0,Y,N,Y,N,N,N,,OpenAI ChatGPT,,Y,N,Y,N,Y,Y,Y,N,Y,Y,Y,N,,,Y,N,,N,,,,Y,1.0,7.0,1.0,"Oui, avec m√©fiance",Y,0.0,"Je suis curieux(se) et pr√™t(e) √† l'essayer rapidement, mais avec prudence.",N,Elle aidera les travailleurs plut√¥t que de les remplacer.,Largement,,18-25 ans.,F√©minin,√âconomie et gestion.,,Y,2.0,0.0,152.1,62.73,47.53,25.03,16.81
169,2.0,2.0,Y,N,N,N,N,N,,OpenAI ChatGPT,,Y,Y,N,N,N,N,N,N,Y,N,N,N,,,N,N,,N,,,,Y,2.0,7.0,1.0,"Non, pas d'accord",N,3.0,Je pr√©f√®re attendre que d'autres testent avant d'utiliser.,,,,,,,,,,,,160.16,93.58,62.26,4.32,
170,4.0,2.0,Y,Y,N,N,N,Y,,OpenAI ChatGPT,,N,N,N,Y,N,N,Y,Y,Y,N,N,N,,,Y,N,,Y,,,Y,,2.0,7.0,0.0,"Non, pas d'accord",Y,0.0,Je pr√©f√®re attendre que d'autres testent avant d'utiliser.,Y,Elle remplacera de nombreux emplois.,Largement,,18-25 ans.,F√©minin,Sciences et ing√©nierie.,,Y,2.0,0.0,183.35,73.84,48.22,37.49,23.8
171,4.0,1.0,N,N,Y,N,N,N,,Google Gemini,,N,N,N,N,N,N,N,Y,Y,Y,N,N,,,N,N,,N,,,,N,0.0,5.0,3.0,"Non, jamais",N,0.0,Je pr√©f√®re attendre que d'autres testent avant d'utiliser.,Y,Elle remplacera de nombreux emplois.,Radicalement,"Rien, j‚Äôaimerais qu‚Äôelle disparaisse.",18-25 ans.,Masculin,√âconomie et gestion.,,Y,2.0,0.0,487.13,91.7,310.57,34.47,50.39
172,4.0,3.0,Y,N,Y,Y,N,N,,OpenAI ChatGPT,,N,Y,Y,Y,N,N,Y,Y,Y,Y,Y,N,,,Y,Y,N,,,N,,,1.0,7.0,2.0,"Oui, avec m√©fiance",N,3.0,"Je suis curieux(se) et pr√™t(e) √† l'essayer rapidement, mais avec prudence.",N,Elle aidera les travailleurs plut√¥t que de les remplacer.,Radicalement,"Sens de l‚Äôinitiative, prise de d√©cision autonome",18-25 ans.,Masculin,√âconomie et gestion.,,Y,2.0,2.0,690.86,208.73,85.43,163.97,232.73
173,0.0,,,,,,,,,,,,,,,,,,,,,,,,,,,,,,,,,,,,,,,,,,,,,,,,,,,0.0,,,,
174,4.0,2.0,Y,N,N,N,N,Y,,OpenAI ChatGPT,,Y,N,N,N,N,N,Y,N,Y,N,N,N,,,N,N,,N,,,,Y,1.0,7.0,0.0,"Non, pas d'accord",Y,1.0,Je pr√©f√®re attendre que d'autres testent avant d'utiliser.,Y,Elle remplacera de nombreux emplois.,Radicalement,,18-25 ans.,Masculin,Sciences et ing√©nierie.,,Y,2.0,0.0,676.94,134.16,64.79,436.89,41.1
175,1.0,2.0,Y,N,N,Y,N,N,,DeepSeek,,Y,N,N,N,N,N,N,N,N,N,N,N,,,Y,N,,N,,,,Y,1.0,,,,,,,,,,,,,,,,,,112.25,112.25,,,
176,4.0,2.0,Y,Y,N,N,N,N,,OpenAI ChatGPT,,N,Y,N,Y,N,N,N,N,N,N,N,N,Corrections d‚Äôexercices,,N,N,,N,,,,Y,2.0,6.0,0.0,"Non, jamais",N,0.0,Je pr√©f√®re attendre que d'autres testent avant d'utiliser.,Y,"Elle supprimera certains postes, mais seulement dans certains secteurs.",Largement,,18-25 ans.,F√©minin,Autre,MASS,Y,2.0,0.0,270.34,135.02,56.88,30.86,47.58
177,4.0,1.0,Y,N,N,N,N,N,,OpenAI ChatGPT,,N,Y,N,N,N,Y,N,N,Y,N,N,N,,,N,N,,N,,,,N,0.0,7.0,3.0,"Non, pas d'accord",N,3.0,Je pr√©f√®re attendre que d'autres testent avant d'utiliser.,N,"Elle supprimera certains postes, mais seulement dans certains secteurs.",L√©g√®rement,,18-25 ans.,F√©minin,√âconomie et gestion.,,Y,0.0,0.0,218.51,81.48,62.43,46.58,28.02
178,4.0,2.0,Y,N,N,N,Y,N,,OpenAI ChatGPT,,N,N,Y,N,N,Y,N,Y,Y,N,N,Y,,,Y,Y,N,,,N,,,0.0,7.0,0.0,"Non, pas d'accord",N,0.0,"Je suis curieux(se) et pr√™t(e) √† l'essayer rapidement, mais avec prudence.",N,Je ne sais pas encore.,Largement,,18-25 ans.,F√©minin,√âconomie et gestion.,,Y,1.0,0.0,200.9,96.34,42.11,35.17,27.28
179,4.0,2.0,Y,N,N,N,N,N,,OpenAI ChatGPT,,Y,N,Y,Y,N,N,N,Y,N,Y,N,Y,,,Y,N,,Y,,,N,,1.0,8.0,1.0,"Oui, sans probl√®me",N,1.0,Je pr√©f√®re attendre que d'autres testent avant d'utiliser.,N,Elle aidera les travailleurs plut√¥t que de les remplacer.,Largement,,18-25 ans.,F√©minin,Sciences et ing√©nierie.,,Y,2.0,1.0,248.03,85.6,72.72,42.64,47.07
180,4.0,2.0,Y,N,N,N,N,N,,OpenAI ChatGPT,,N,Y,N,Y,N,Y,N,N,N,N,N,N,,,Y,N,,Y,,,Y,,1.0,8.0,0.0,"Non, jamais",Y,1.0,Je pr√©f√®re attendre que d'autres testent avant d'utiliser.,Y,Elle remplacera de nombreux emplois.,Largement,,18-25 ans.,F√©minin,√âconomie et gestion.,,Y,2.0,2.0,153.88,63.81,48.7,20.98,20.39
181,4.0,2.0,Y,N,N,Y,N,N,Perplexity,Autre,Perplexity,Y,Y,N,N,N,N,Y,Y,Y,Y,N,N,Planification de vacances,,N,N,,N,,,,N,2.0,8.0,3.0,"Non, pas d'accord",N,0.0,"Je suis curieux(se) et pr√™t(e) √† l'essayer rapidement, mais avec prudence.",Y,Elle remplacera de nombreux emplois.,Radicalement,Cr√©er des vid√©os explicatives (imager son propos),18-25 ans.,Masculin,√âconomie et gestion.,,Y,2.0,0.0,331.18,118.12,101.56,77.73,33.77
182,4.0,2.0,Y,N,Y,Y,N,N,,OpenAI ChatGPT,,N,Y,Y,N,N,Y,N,Y,Y,N,N,N,,,Y,N,,Y,,,Y,,1.0,8.0,1.0,"Non, pas d'accord",Y,1.0,Je pr√©f√®re attendre que d'autres testent avant d'utiliser.,Y,Elle remplacera de nombreux emplois.,Largement,,18-25 ans.,Masculin,√âconomie et gestion.,,Y,2.0,0.0,244.09,102.7,59.89,43.18,38.32
183,4.0,2.0,Y,N,N,N,N,N,,OpenAI ChatGPT,,Y,Y,Y,N,N,N,Y,N,Y,Y,Y,N,,,Y,Y,Y,,Y,,,,2.0,7.0,1.0,"Oui, sans probl√®me",N,1.0,Je pr√©f√®re attendre que d'autres testent avant d'utiliser.,N,"Elle supprimera certains postes, mais seulement dans certains secteurs.",Largement,,18-25 ans.,F√©minin,√âconomie et gestion.,,Y,2.0,0.0,326.37,171.92,69.66,41.81,42.98
184,4.0,1.0,N,N,N,N,N,N,copilot Microsoft,Autre,rien,N,Y,N,N,N,N,N,N,N,N,N,N,,,N,N,,N,,,,N,0.0,5.0,1.0,"Non, jamais",N,0.0,Je pr√©f√®re attendre que d'autres testent avant d'utiliser.,N,Elle aidera les travailleurs plut√¥t que de les remplacer.,Largement,rien,18-25 ans.,F√©minin,√âconomie et gestion.,,Y,2.0,0.0,246.95,112.11,64.29,38.56,31.99
185,4.0,2.0,Y,N,N,N,N,N,,OpenAI ChatGPT,,Y,Y,N,Y,N,Y,N,N,Y,N,N,N,,,Y,Y,N,,,N,,,1.0,6.0,1.0,"Non, jamais",Y,3.0,Je pr√©f√®re attendre que d'autres testent avant d'utiliser.,N,Elle aidera les travailleurs plut√¥t que de les remplacer.,Largement,Simulation de projet en prenons compte les √©v√©nements d'actualit√©s,18-25 ans.,Masculin,√âconomie et gestion.,,Y,2.0,0.0,217.83,81.14,47.18,69.28,20.23
186,0.0,,,,,,,,,,,,,,,,,,,,,,,,,,,,,,,,,,,,,,,,,,,,,,,,,,,0.0,,,,
187,4.0,3.0,Y,N,N,N,N,N,Perplexity,Autre,Perplexity,N,N,N,Y,N,N,N,Y,Y,N,N,N,,,Y,N,,Y,,,Y,,2.0,7.0,3.0,"Non, pas d'accord",N,0.0,"Je suis curieux(se) et pr√™t(e) √† l'essayer rapidement, mais avec prudence.",Y,Elle aidera les travailleurs plut√¥t que de les remplacer.,Largement,,18-25 ans.,F√©minin,Sciences et ing√©nierie.,,Y,2.0,0.0,269.29,122.32,66.05,40.72,40.2
188,4.0,3.0,Y,N,N,N,N,N,,OpenAI ChatGPT,,Y,Y,Y,N,N,N,Y,Y,Y,N,N,N,,,N,N,,Y,,,N,,1.0,6.0,1.0,"Oui, avec m√©fiance",Y,0.0,Je pr√©f√®re attendre que d'autres testent avant d'utiliser.,Y,"Elle supprimera certains postes, mais seulement dans certains secteurs.",L√©g√®rement,IA peut avoir son id√©e personnelle,18-25 ans.,F√©minin,√âconomie et gestion.,,Y,2.0,2.0,521.13,180.03,127.83,162.54,50.73
189,4.0,3.0,Y,N,N,Y,N,Y,,OpenAI ChatGPT,,Y,Y,Y,N,N,Y,Y,N,Y,Y,N,N,,,N,N,,N,,,,N,,7.0,1.0,"Oui, avec m√©fiance",N,0.0,Je pr√©f√®re attendre que d'autres testent avant d'utiliser.,Y,"Elle supprimera certains postes, mais seulement dans certains secteurs.",Largement,Jnsp,18-25 ans.,Masculin,√âconomie et gestion.,,Y,2.0,0.0,388.45,137.49,100.42,107.67,42.87
190,4.0,2.0,Y,N,N,N,N,N,,OpenAI ChatGPT,,Y,Y,Y,N,N,N,N,N,Y,Y,N,N,,,Y,N,,Y,,,N,,1.0,7.0,3.0,"Non, pas d'accord",N,0.0,Je pr√©f√®re attendre que d'autres testent avant d'utiliser.,N,"Elle supprimera certains postes, mais seulement dans certains secteurs.",Largement,,18-25 ans.,F√©minin,√âconomie et gestion.,,Y,2.0,0.0,246.13,92.09,74.51,51.93,27.6
191,2.0,2.0,Y,N,N,N,N,N,,OpenAI ChatGPT,,N,Y,N,N,N,N,Y,N,Y,N,N,N,,,Y,N,,N,,,,Y,1.0,6.0,1.0,"Oui, avec m√©fiance",Y,0.0,Je pr√©f√®re attendre que d'autres testent avant d'utiliser.,,,,,,,,,,,,145.44,93.7,51.74,,
192,4.0,2.0,Y,N,N,Y,N,N,,OpenAI ChatGPT,,N,N,N,N,N,N,N,N,N,Y,N,N,Soutien psychologique,,N,N,,N,,,,N,2.0,5.0,1.0,"Non, jamais",N,3.0,"Je suis curieux(se) et pr√™t(e) √† l'essayer rapidement, mais avec prudence.",N,Je ne sais pas encore.,Radicalement,,18-25 ans.,F√©minin,Sciences et ing√©nierie.,,Y,2.0,2.0,168.94,63.74,57.8,18.97,28.43
193,1.0,3.0,Y,N,N,N,N,N,,OpenAI ChatGPT,,N,Y,Y,N,Y,N,Y,N,Y,Y,Y,N,,,Y,Y,N,,,N,,,1.0,,,,,,,,,,,,,,,,,,201.68,201.68,,,
194,4.0,2.0,Y,N,N,N,N,N,,OpenAI ChatGPT,,N,N,N,Y,N,N,N,N,Y,N,N,N,,,N,N,,N,,,,Y,1.0,7.0,3.0,"Non, jamais",Y,0.0,Je pr√©f√®re attendre que d'autres testent avant d'utiliser.,Y,Elle remplacera de nombreux emplois.,Largement,,18-25 ans.,Masculin,Sciences et ing√©nierie.,,Y,2.0,0.0,167.19,54.94,57.41,28.98,25.86
195,,3.0,Y,Y,,,,,,OpenAI ChatGPT,,Y,Y,Y,Y,,Y,Y,,Y,,,,,,Y,N,N,Y,N,N,N,,2.0,8.0,2.0,"Oui, avec m√©fiance",N,0.0,"Je suis curieux(se) et pr√™t(e) √† l'essayer rapidement, mais avec prudence.",N,Elle aidera les travailleurs plut√¥t que de les remplacer.,Largement,,18-25 ans.,Masculin,√âconomie et gestion.,,Y,3.0,2.0,,,,,
196,4.0,2.0,Y,N,N,N,N,N,YouLearnAi,OpenAI ChatGPT,,N,Y,N,N,N,N,N,N,N,N,N,N,Flash Card,,N,N,,Y,,,Y,,1.0,6.0,1.0,"Non, jamais",Y,3.0,Je pr√©f√®re attendre que d'autres testent avant d'utiliser.,N,Elle aidera les travailleurs plut√¥t que de les remplacer.,Largement,,18-25 ans.,Masculin,√âconomie et gestion.,,Y,0.0,0.0,489.21,265.33,72.95,97.55,53.38
197,0.0,,,,,,,,,,,,,,,,,,,,,,,,,,,,,,,,,,,,,,,,,,,,,,,,,,,0.0,,,,
198,4.0,2.0,Y,Y,N,N,N,N,,OpenAI ChatGPT,,Y,Y,N,N,N,N,Y,N,Y,N,N,N,,,N,N,,N,,,,N,1.0,5.0,3.0,"Non, jamais",N,1.0,Je pr√©f√®re attendre que d'autres testent avant d'utiliser.,N,Elle aidera les travailleurs plut√¥t que de les remplacer.,Largement,,18-25 ans.,Masculin,√âconomie et gestion.,,Y,2.0,1.0,355.56,135.47,157.71,36.63,25.75
199,4.0,3.0,Y,N,N,N,N,N,,OpenAI ChatGPT,,N,N,N,N,N,N,N,N,Y,N,N,N,,,Y,Y,N,,,N,,,,8.0,1.0,"Oui, avec m√©fiance",N,2.0,Je pr√©f√®re attendre que d'autres testent avant d'utiliser.,N,Elle remplacera de nombreux emplois.,Radicalement,,18-25 ans.,F√©minin,Sciences et ing√©nierie.,,Y,2.0,2.0,336.41,108.29,101.49,66.04,60.59
200,4.0,3.0,Y,N,N,N,N,N,,OpenAI ChatGPT,,Y,Y,Y,N,N,Y,N,Y,N,Y,N,N,,,Y,Y,Y,,N,,,,2.0,7.0,1.0,"Oui, sans probl√®me",Y,0.0,"Je suis curieux(se) et pr√™t(e) √† l'essayer rapidement, mais avec prudence.",Y,"Elle supprimera certains postes, mais seulement dans certains secteurs.",Largement,√ätre performante au niveau des explications d‚Äôexercice de maths,18-25 ans.,Masculin,√âconomie et gestion.,,Y,2.0,0.0,188.26,62.43,50.41,50.27,25.15
201,0.0,,,,,,,,,,,,,,,,,,,,,,,,,,,,,,,,,,,,,,,,,,,,,,,,,,,0.0,,,,
202,0.0,,,,,,,,,,,,,,,,,,,,,,,,,,,,,,,,,,,,,,,,,,,,,,,,,,,0.0,,,,
203,0.0,,,,,,,,,,,,,,,,,,,,,,,,,,,,,,,,,,,,,,,,,,,,,,,,,,,0.0,,,,
204,4.0,2.0,Y,N,Y,N,N,N,,Google Gemini,,Y,N,Y,N,N,N,N,N,N,Y,N,N,,,N,N,,N,,,,Y,1.0,2.0,3.0,"Oui, avec m√©fiance",Y,0.0,"J‚Äôaime √™tre parmi les premiers √† essayer ces innovations, m√™me s'il y a des risques potentiels.",N,"Elle supprimera certains postes, mais seulement dans certains secteurs.",Largement,,18-25 ans.,Masculin,√âconomie et gestion.,,Y,2.0,0.0,824.99,437.46,158.82,168.89,59.82
205,4.0,3.0,Y,N,N,N,N,N,,OpenAI ChatGPT,,N,Y,N,N,N,N,N,N,Y,N,N,N,,,Y,N,,N,,,,Y,0.0,6.0,0.0,"Non, pas d'accord",N,0.0,Je pr√©f√®re attendre que d'autres testent avant d'utiliser.,N,Elle aidera les travailleurs plut√¥t que de les remplacer.,Largement,,18-25 ans.,Masculin,Sciences et ing√©nierie.,,Y,2.0,0.0,538.11,249.37,107.01,66.36,115.37
206,4.0,2.0,Y,N,Y,N,N,N,,Google Gemini,,N,N,N,Y,N,N,N,N,Y,N,N,N,,,N,N,,N,,,,N,0.0,5.0,1.0,"Non, pas d'accord",N,1.0,"Je suis curieux(se) et pr√™t(e) √† l'essayer rapidement, mais avec prudence.",N,Je ne sais pas encore.,L√©g√®rement,,18-25 ans.,F√©minin,Sciences et ing√©nierie.,,Y,1.0,0.0,195.54,96.23,42.63,29.35,27.33
207,4.0,1.0,N,Y,N,Y,N,N,,DeepSeek,,N,Y,N,Y,N,N,N,N,N,N,N,N,,,N,N,,N,,,,N,1.0,3.0,3.0,"Non, jamais",Y,0.0,"J‚Äôaime √™tre parmi les premiers √† essayer ces innovations, m√™me s'il y a des risques potentiels.",N,Elle aidera les travailleurs plut√¥t que de les remplacer.,L√©g√®rement,,18-25 ans.,Masculin,Sciences et ing√©nierie.,,Y,2.0,0.0,360.12,129.38,91.98,110.84,27.92
208,4.0,2.0,Y,N,Y,Y,N,N,,OpenAI ChatGPT,,Y,Y,N,N,N,N,N,N,Y,N,N,N,,,Y,Y,N,,,N,,,1.0,8.0,1.0,"Non, pas d'accord",Y,1.0,"Je suis curieux(se) et pr√™t(e) √† l'essayer rapidement, mais avec prudence.",N,Elle aidera les travailleurs plut√¥t que de les remplacer.,Radicalement,Je n‚Äôai pas sp√©cialement d‚Äôid√©es,18-25 ans.,Masculin,√âconomie et gestion.,,Y,2.0,1.0,297.11,98.15,65.44,97.58,35.94
209,4.0,3.0,Y,N,N,N,N,N,,OpenAI ChatGPT,,Y,Y,N,N,N,N,Y,N,N,N,N,N,,,Y,Y,N,,,N,,,2.0,7.0,1.0,"Oui, avec m√©fiance",Y,1.0,"Je suis curieux(se) et pr√™t(e) √† l'essayer rapidement, mais avec prudence.",Y,Elle remplacera de nombreux emplois.,Radicalement,"J'aimerai que dans le future, l'IA ait un r√¥le dans la soci√©tr√©. Se que je veux dire, c'est que l'IA peut donner des ordonnances m√©dicales, ou bien avoir un r√¥le dans la justice etc.",18-25 ans.,Masculin,√âconomie et gestion.,,Y,2.0,0.0,673.37,116.17,334.88,192.07,30.25
210,4.0,3.0,Y,Y,N,N,N,N,,OpenAI ChatGPT,,Y,Y,Y,N,N,Y,N,Y,Y,Y,N,N,,,N,N,,N,,,,N,1.0,5.0,1.0,"Oui, avec m√©fiance",N,0.0,Je pr√©f√®re attendre que d'autres testent avant d'utiliser.,N,"Elle supprimera certains postes, mais seulement dans certains secteurs.",Radicalement,,18-25 ans.,F√©minin,√âconomie et gestion.,,Y,2.0,0.0,298.0,93.3,75.37,93.26,36.07
211,0.0,,N,N,N,N,N,N,,,,N,N,N,N,N,N,N,N,N,N,N,N,,,,,,,,,,,,,,,,,,,,,,,,,,,,,44.52,44.52,,,
212,0.0,,,,,,,,,,,,,,,,,,,,,,,,,,,,,,,,,,,,,,,,,,,,,,,,,,,0.0,,,,
213,4.0,2.0,Y,N,N,N,N,N,Grammarly,OpenAI ChatGPT,,Y,N,N,N,N,Y,N,N,Y,N,N,N,Correction de fautes d'orthographe et grammaire,,N,N,,N,,,,N,2.0,6.0,3.0,"Non, pas d'accord",N,0.0,"Je suis curieux(se) et pr√™t(e) √† l'essayer rapidement, mais avec prudence.",Y,Elle remplacera de nombreux emplois.,Largement,,30-40 ans.,F√©minin,Autre,√âducation,N,,1.0,585.7,381.57,80.33,63.42,60.38
214,4.0,1.0,Y,N,N,N,N,N,,OpenAI ChatGPT,,N,N,N,Y,N,N,N,N,N,N,N,Y,,,N,N,,N,,,,N,0.0,4.0,3.0,"Non, jamais",Y,0.0,Je pr√©f√®re attendre que d'autres testent avant d'utiliser.,N,Elle remplacera de nombreux emplois.,L√©g√®rement,,18-25 ans.,Masculin,Sciences et ing√©nierie.,,Y,3.0,0.0,276.38,118.75,47.78,73.38,36.47
215,4.0,2.0,Y,N,N,N,N,N,,OpenAI ChatGPT,,Y,Y,Y,N,N,N,Y,N,N,Y,N,N,,,N,N,,N,,,,N,2.0,7.0,1.0,"Oui, sans probl√®me",N,3.0,Je pr√©f√®re attendre que d'autres testent avant d'utiliser.,Y,Elle remplacera de nombreux emplois.,Radicalement,,25-30 ans.,F√©minin,"Arts, lettres et sciences humaines.",,Y,2.0,3.0,158.52,71.6,42.08,20.98,23.86
216,4.0,3.0,Y,N,N,N,N,N,,OpenAI ChatGPT,,Y,Y,Y,Y,N,N,Y,Y,Y,Y,N,Y,,,Y,Y,Y,,Y,,,,,8.0,1.0,"Oui, avec m√©fiance",N,2.0,Je pr√©f√®re attendre que d'autres testent avant d'utiliser.,Y,Elle remplacera de nombreux emplois.,Radicalement,,18-25 ans.,Masculin,Sciences et ing√©nierie.,,Y,2.0,0.0,279.0,106.46,82.71,58.32,31.51
217,4.0,2.0,Y,N,N,N,N,Y,Perplexity,OpenAI ChatGPT,,Y,Y,Y,N,N,N,Y,N,Y,N,N,Y,,,Y,Y,Y,,Y,,,,2.0,7.0,1.0,"Oui, avec m√©fiance",Y,0.0,"Je suis curieux(se) et pr√™t(e) √† l'essayer rapidement, mais avec prudence.",N,Elle ouvrira de nouvelles opportunit√©s professionnelles.,Largement,,18-25 ans.,Masculin,√âconomie et gestion.,,Y,2.0,0.0,171.78,88.44,36.46,20.68,26.2
218,0.0,,,,,,,,,,,,,,,,,,,,,,,,,,,,,,,,,,,,,,,,,,,,,,,,,,,0.0,,,,
219,4.0,2.0,Y,N,N,N,N,N,,OpenAI ChatGPT,,Y,N,Y,N,N,N,Y,N,Y,Y,N,N,,,N,N,,N,,,,Y,1.0,6.0,1.0,"Oui, avec m√©fiance",Y,1.0,Je pr√©f√®re attendre que d'autres testent avant d'utiliser.,Y,Elle remplacera de nombreux emplois.,L√©g√®rement,,18-25 ans.,F√©minin,√âconomie et gestion.,,Y,2.0,0.0,172.06,63.28,61.84,27.45,19.49
220,4.0,2.0,Y,N,N,N,N,N,,OpenAI ChatGPT,,N,Y,N,Y,N,N,N,N,Y,Y,N,N,,,Y,Y,Y,,N,,,,1.0,7.0,1.0,"Non, jamais",N,3.0,"Je suis curieux(se) et pr√™t(e) √† l'essayer rapidement, mais avec prudence.",Y,Elle remplacera de nombreux emplois.,Radicalement,,18-25 ans.,Masculin,Sciences et ing√©nierie.,,Y,1.0,0.0,202.6,90.8,52.27,31.21,28.32
